method,data,function,width,sqltime,memory(GB)
DUCK-F-AM4,synthetic128m,boxcox0,1000,0.869,2.6322021484375
DUCK-F-AM4,synthetic128m,devide,1000,0.842,3.791221618652344
DUCK-F-AM4,synthetic128m,func1,1000,0.911,2.657806396484375
DUCK-F-AM4,synthetic128m,L22,1000,0.938,7.6636962890625
DUCK-F-AM4,synthetic128m,L2LN,1000,1.868,6.336650848388672
DUCK-F-AM4,synthetic128m,L2,1000,1.615,4.969234466552734
DUCK-F-AM4,synthetic128m,max,1000,1.059,2.9657859802246094
DUCK-F-AM4,synthetic128m,mean,1000,0.984,4.623222351074219
DUCK-F-AM4,synthetic128m,minus,1000,0.811,3.790966033935547
DUCK-F-AM4,synthetic128m,multi,1000,0.824,3.792659759521485
DUCK-F-AM4,synthetic128m,plus,1000,0.805,3.4611778259277344
DUCK-F-AM4,synthetic128m,variance,1000,1.937,4.963798522949219
DUCK-F-AM4,synthetic128m,weightsum,1000,0.88,6.990898132324219
DUCK-F-AM4,synthetic16m,boxcox0,1000,0.156,0.5915451049804688
DUCK-F-AM4,synthetic16m,devide,1000,0.147,0.6789474487304688
DUCK-F-AM4,synthetic16m,func1,1000,0.165,0.5891036987304688
DUCK-F-AM4,synthetic16m,L22,1000,0.18,0.7403526306152344
DUCK-F-AM4,synthetic16m,L2LN,1000,0.352,0.8382911682128906
DUCK-F-AM4,synthetic16m,L2,1000,0.271,0.8925933837890625
DUCK-F-AM4,synthetic16m,max,1000,0.203,0.8904876708984375
DUCK-F-AM4,synthetic16m,mean,1000,0.176,0.8270645141601562
DUCK-F-AM4,synthetic16m,minus,1000,0.135,0.6805572509765625
DUCK-F-AM4,synthetic16m,multi,1000,0.143,0.68048095703125
DUCK-F-AM4,synthetic16m,plus,1000,0.142,0.655059814453125
DUCK-F-AM4,synthetic16m,variance,1000,0.348,0.8982772827148438
DUCK-F-AM4,synthetic16m,weightsum,1000,0.185,0.8897514343261719
DUCK-F-AM4,synthetic1b5v,boxcox0,1000,6.773,17.820667266845703
DUCK-F-AM4,synthetic1b5v,devide,1000,6.65,30.042144775390625
DUCK-F-AM4,synthetic1b5v,func1,1000,7.199,17.72476577758789
DUCK-F-AM4,synthetic1b5v,L22,1000,9.223,33.969486236572266
DUCK-F-AM4,synthetic1b5v,L2LN,1000,14.649,34.626739501953125
DUCK-F-AM4,synthetic1b5v,L2,1000,11.604,39.1065559387207
DUCK-F-AM4,synthetic1b5v,max,1000,8.967,37.51388549804688
DUCK-F-AM4,synthetic1b5v,mean,1000,7.791,38.98550415039063
DUCK-F-AM4,synthetic1b5v,minus,1000,6.615,32.41255187988281
DUCK-F-AM4,synthetic1b5v,multi,1000,6.485,32.4550666809082
DUCK-F-AM4,synthetic1b5v,plus,1000,6.488,32.3366584777832
DUCK-F-AM4,synthetic1b5v,variance,1000,14.036,39.72202301025391
DUCK-F-AM4,synthetic1b5v,weightsum,1000,8.109,37.53724670410156
DUCK-F-AM4,synthetic1m,boxcox0,1000,0.039,0.3043632507324219
DUCK-F-AM4,synthetic1m,devide,1000,0.046,0.3052749633789062
DUCK-F-AM4,synthetic1m,func1,1000,0.05,0.3175773620605469
DUCK-F-AM4,synthetic1m,L22,1000,0.049,0.3128547668457031
DUCK-F-AM4,synthetic1m,L2LN,1000,0.057,0.3266944885253906
DUCK-F-AM4,synthetic1m,L2,1000,0.05,0.3260841369628906
DUCK-F-AM4,synthetic1m,max,1000,0.038,0.3215599060058594
DUCK-F-AM4,synthetic1m,mean,1000,0.043,0.3189239501953125
DUCK-F-AM4,synthetic1m,minus,1000,0.034,0.3112869262695312
DUCK-F-AM4,synthetic1m,multi,1000,0.037,0.3105087280273437
DUCK-F-AM4,synthetic1m,plus,1000,0.029,0.3105049133300781
DUCK-F-AM4,synthetic1m,variance,1000,0.064,0.3286476135253906
DUCK-F-AM4,synthetic1m,weightsum,1000,0.034,0.3253822326660156
DUCK-F-AM4,synthetic256m,boxcox0,1000,1.356,11.88288116455078
DUCK-F-AM4,synthetic256m,devide,1000,1.33,15.603069305419922
DUCK-F-AM4,synthetic256m,func1,1000,1.625,9.424793243408203
DUCK-F-AM4,synthetic256m,L22,1000,1.892,24.57648086547852
DUCK-F-AM4,synthetic256m,L2LN,1000,3.202,30.52006149291992
DUCK-F-AM4,synthetic256m,L2,1000,2.593,13.09870147705078
DUCK-F-AM4,synthetic256m,max,1000,1.828,8.368846893310547
DUCK-F-AM4,synthetic256m,mean,1000,1.617,19.9882926940918
DUCK-F-AM4,synthetic256m,minus,1000,1.195,8.371723175048828
DUCK-F-AM4,synthetic256m,multi,1000,1.211,11.98281478881836
DUCK-F-AM4,synthetic256m,plus,1000,1.377,3.56424331665039
DUCK-F-AM4,synthetic256m,variance,1000,3.078,26.32660675048828
DUCK-F-AM4,synthetic256m,weightsum,1000,1.767,19.39429473876953
DUCK-F-AM4,synthetic2m,boxcox0,1000,0.037,0.3362159729003906
DUCK-F-AM4,synthetic2m,devide,1000,0.044,0.34979248046875
DUCK-F-AM4,synthetic2m,func1,1000,0.051,0.3353996276855469
DUCK-F-AM4,synthetic2m,L22,1000,0.055,0.3548736572265625
DUCK-F-AM4,synthetic2m,L2LN,1000,0.085,0.372772216796875
DUCK-F-AM4,synthetic2m,L2,1000,0.067,0.3702583312988281
DUCK-F-AM4,synthetic2m,max,1000,0.045,0.3645210266113281
DUCK-F-AM4,synthetic2m,mean,1000,0.046,0.3643760681152344
DUCK-F-AM4,synthetic2m,minus,1000,0.037,0.3465652465820312
DUCK-F-AM4,synthetic2m,multi,1000,0.038,0.3499641418457031
DUCK-F-AM4,synthetic2m,plus,1000,0.041,0.3469924926757812
DUCK-F-AM4,synthetic2m,variance,1000,0.086,0.3717193603515625
DUCK-F-AM4,synthetic2m,weightsum,1000,0.045,0.3666610717773437
DUCK-F-AM4,synthetic32m,boxcox0,1000,0.28,0.9239425659179688
DUCK-F-AM4,synthetic32m,devide,1000,0.27,1.189117431640625
DUCK-F-AM4,synthetic32m,func1,1000,0.293,0.9151039123535156
DUCK-F-AM4,synthetic32m,L22,1000,0.339,1.3200187683105469
DUCK-F-AM4,synthetic32m,L2LN,1000,0.681,1.5258865356445312
DUCK-F-AM4,synthetic32m,L2,1000,0.534,1.6588211059570312
DUCK-F-AM4,synthetic32m,max,1000,0.375,1.6582412719726562
DUCK-F-AM4,synthetic32m,mean,1000,0.342,1.528728485107422
DUCK-F-AM4,synthetic32m,minus,1000,0.261,1.1878395080566406
DUCK-F-AM4,synthetic32m,multi,1000,0.25,1.1878585815429688
DUCK-F-AM4,synthetic32m,plus,1000,0.248,1.1112518310546875
DUCK-F-AM4,synthetic32m,variance,1000,0.646,1.6657981872558594
DUCK-F-AM4,synthetic32m,weightsum,1000,0.33,1.6621055603027344
DUCK-F-AM4,synthetic4m,boxcox0,1000,0.051,0.356842041015625
DUCK-F-AM4,synthetic4m,devide,1000,0.058,0.3910560607910156
DUCK-F-AM4,synthetic4m,func1,1000,0.067,0.3638038635253906
DUCK-F-AM4,synthetic4m,L22,1000,0.072,0.4028129577636719
DUCK-F-AM4,synthetic4m,L2LN,1000,0.132,0.4363670349121094
DUCK-F-AM4,synthetic4m,L2,1000,0.096,0.4398422241210937
DUCK-F-AM4,synthetic4m,max,1000,0.079,0.4349861145019531
DUCK-F-AM4,synthetic4m,mean,1000,0.072,0.4256706237792969
DUCK-F-AM4,synthetic4m,minus,1000,0.055,0.3903846740722656
DUCK-F-AM4,synthetic4m,multi,1000,0.053,0.3923606872558594
DUCK-F-AM4,synthetic4m,plus,1000,0.056,0.3828964233398437
DUCK-F-AM4,synthetic4m,variance,1000,0.13,0.4342422485351562
DUCK-F-AM4,synthetic4m,weightsum,1000,0.074,0.4370918273925781
DUCK-F-AM4,synthetic512m5v,boxcox0,1000,3.841,19.92314910888672
DUCK-F-AM4,synthetic512m5v,devide,1000,1.945,37.33168411254883
DUCK-F-AM4,synthetic512m5v,func1,1000,4.022,11.027210235595703
DUCK-F-AM4,synthetic512m5v,L22,1000,4.253,16.75204086303711
DUCK-F-AM4,synthetic512m5v,L2LN,1000,7.82,20.448753356933597
DUCK-F-AM4,synthetic512m5v,L2,1000,2.968,50.326263427734375
DUCK-F-AM4,synthetic512m5v,max,1000,2.247,32.294708251953125
DUCK-F-AM4,synthetic512m5v,mean,1000,2.296,50.03200912475586
DUCK-F-AM4,synthetic512m5v,minus,1000,2.092,15.313796997070312
DUCK-F-AM4,synthetic512m5v,multi,1000,1.979,26.31627655029297
DUCK-F-AM4,synthetic512m5v,plus,1000,2.145,4.302940368652344
DUCK-F-AM4,synthetic512m5v,variance,1000,3.671,14.331939697265623
DUCK-F-AM4,synthetic512m5v,weightsum,1000,4.222,20.40659713745117
DUCK-F-AM4,synthetic64m,boxcox0,1000,0.505,1.4614295959472656
DUCK-F-AM4,synthetic64m,devide,1000,0.488,2.0073471069335938
DUCK-F-AM4,synthetic64m,func1,1000,0.515,1.5174827575683594
DUCK-F-AM4,synthetic64m,L22,1000,0.583,2.2134323120117188
DUCK-F-AM4,synthetic64m,L2LN,1000,1.145,2.523548126220703
DUCK-F-AM4,synthetic64m,L2,1000,0.967,2.7189483642578125
DUCK-F-AM4,synthetic64m,max,1000,0.647,2.717517852783203
DUCK-F-AM4,synthetic64m,mean,1000,0.58,2.5145835876464844
DUCK-F-AM4,synthetic64m,minus,1000,0.432,2.004413604736328
DUCK-F-AM4,synthetic64m,multi,1000,0.458,2.0044898986816406
DUCK-F-AM4,synthetic64m,plus,1000,0.471,1.8479156494140625
DUCK-F-AM4,synthetic64m,variance,1000,1.088,2.723114013671875
DUCK-F-AM4,synthetic64m,weightsum,1000,0.573,2.7221755981445312
DUCK-F-AM4,synthetic8m,boxcox0,1000,0.09,0.4211006164550781
DUCK-F-AM4,synthetic8m,devide,1000,0.084,0.4771270751953125
DUCK-F-AM4,synthetic8m,func1,1000,0.094,0.4254417419433594
DUCK-F-AM4,synthetic8m,L22,1000,0.114,0.5109596252441406
DUCK-F-AM4,synthetic8m,L2LN,1000,0.197,0.5708122253417969
DUCK-F-AM4,synthetic8m,L2,1000,0.154,0.5962066650390625
DUCK-F-AM4,synthetic8m,max,1000,0.118,0.6016159057617188
DUCK-F-AM4,synthetic8m,mean,1000,0.11,0.5667610168457031
DUCK-F-AM4,synthetic8m,minus,1000,0.083,0.4764137268066406
DUCK-F-AM4,synthetic8m,multi,1000,0.09,0.4686012268066406
DUCK-F-AM4,synthetic8m,plus,1000,0.084,0.4596099853515625
DUCK-F-AM4,synthetic8m,variance,1000,0.198,0.6104965209960938
DUCK-F-AM4,synthetic8m,weightsum,1000,0.104,0.6019859313964844
DUCK-F-AM4,synthetic128m,boxcox0,12000,0.92,2.283634185791016
DUCK-F-AM4,synthetic128m,devide,12000,0.864,3.4565582275390625
DUCK-F-AM4,synthetic128m,func1,12000,0.991,1.985614776611328
DUCK-F-AM4,synthetic128m,L22,12000,1.17,3.735050201416016
DUCK-F-AM4,synthetic128m,L2LN,12000,1.892,2.239295959472656
DUCK-F-AM4,synthetic128m,L2,12000,1.602,4.452239990234375
DUCK-F-AM4,synthetic128m,max,12000,1.23,3.5872039794921875
DUCK-F-AM4,synthetic128m,mean,12000,1.094,4.069938659667969
DUCK-F-AM4,synthetic128m,minus,12000,0.893,3.138633728027344
DUCK-F-AM4,synthetic128m,multi,12000,0.855,3.1981735229492188
DUCK-F-AM4,synthetic128m,plus,12000,0.862,2.5214920043945312
DUCK-F-AM4,synthetic128m,variance,12000,1.806,2.780651092529297
DUCK-F-AM4,synthetic128m,weightsum,12000,1.108,3.549175262451172
DUCK-F-AM4,synthetic16m,boxcox0,12000,0.168,0.7135391235351562
DUCK-F-AM4,synthetic16m,devide,12000,0.152,1.0795783996582031
DUCK-F-AM4,synthetic16m,func1,12000,0.174,0.5219688415527344
DUCK-F-AM4,synthetic16m,L22,12000,0.195,1.3856964111328125
DUCK-F-AM4,synthetic16m,L2LN,12000,0.355,1.4448394775390625
DUCK-F-AM4,synthetic16m,L2,12000,0.275,1.5756378173828125
DUCK-F-AM4,synthetic16m,max,12000,0.205,1.2853012084960938
DUCK-F-AM4,synthetic16m,mean,12000,0.187,1.1960220336914062
DUCK-F-AM4,synthetic16m,minus,12000,0.14,0.8549957275390625
DUCK-F-AM4,synthetic16m,multi,12000,0.143,0.9881477355957032
DUCK-F-AM4,synthetic16m,plus,12000,0.151,0.7503776550292969
DUCK-F-AM4,synthetic16m,variance,12000,0.354,1.365802764892578
DUCK-F-AM4,synthetic16m,weightsum,12000,0.18,1.2469978332519531
DUCK-F-AM4,synthetic1b5v,boxcox0,12000,6.948,23.65082550048828
DUCK-F-AM4,synthetic1b5v,devide,12000,6.642,37.09487915039063
DUCK-F-AM4,synthetic1b5v,func1,12000,7.249,23.57661819458008
DUCK-F-AM4,synthetic1b5v,L22,12000,8.341,41.00450897216797
DUCK-F-AM4,synthetic1b5v,L2LN,12000,14.151,42.67928314208984
DUCK-F-AM4,synthetic1b5v,L2,12000,11.605,23.008968353271484
DUCK-F-AM4,synthetic1b5v,max,12000,8.838,45.57172775268555
DUCK-F-AM4,synthetic1b5v,mean,12000,7.81,47.07172393798828
DUCK-F-AM4,synthetic1b5v,minus,12000,6.447,39.48439025878906
DUCK-F-AM4,synthetic1b5v,multi,12000,6.447,39.513954162597656
DUCK-F-AM4,synthetic1b5v,plus,12000,6.508,39.43184661865234
DUCK-F-AM4,synthetic1b5v,variance,12000,14.218,47.780521392822266
DUCK-F-AM4,synthetic1b5v,weightsum,12000,7.583,45.59830474853516
DUCK-F-AM4,synthetic1m,boxcox0,12000,0.043,0.4793167114257812
DUCK-F-AM4,synthetic1m,devide,12000,0.041,0.9067230224609376
DUCK-F-AM4,synthetic1m,func1,12000,0.055,0.3117485046386719
DUCK-F-AM4,synthetic1m,L22,12000,0.068,1.1737174987792969
DUCK-F-AM4,synthetic1m,L2LN,12000,0.082,1.038166046142578
DUCK-F-AM4,synthetic1m,L2,12000,0.054,1.1704978942871094
DUCK-F-AM4,synthetic1m,max,12000,0.063,0.9632186889648438
DUCK-F-AM4,synthetic1m,mean,12000,0.037,0.7964057922363281
DUCK-F-AM4,synthetic1m,minus,12000,0.046,0.6595649719238281
DUCK-F-AM4,synthetic1m,multi,12000,0.043,0.720947265625
DUCK-F-AM4,synthetic1m,plus,12000,0.044,0.5452766418457031
DUCK-F-AM4,synthetic1m,variance,12000,0.072,0.9061203002929688
DUCK-F-AM4,synthetic1m,weightsum,12000,0.04,0.9224472045898438
DUCK-F-AM4,synthetic256m,boxcox0,12000,1.558,5.321277618408203
DUCK-F-AM4,synthetic256m,devide,12000,1.59,3.04779052734375
DUCK-F-AM4,synthetic256m,func1,12000,1.782,4.364418029785156
DUCK-F-AM4,synthetic256m,L22,12000,1.867,2.155071258544922
DUCK-F-AM4,synthetic256m,L2LN,12000,3.225,9.4522705078125
DUCK-F-AM4,synthetic256m,L2,12000,2.869,8.735557556152344
DUCK-F-AM4,synthetic256m,max,12000,1.999,7.211223602294922
DUCK-F-AM4,synthetic256m,mean,12000,1.708,5.377166748046875
DUCK-F-AM4,synthetic256m,minus,12000,1.52,5.436592102050781
DUCK-F-AM4,synthetic256m,multi,12000,1.556,3.010204315185547
DUCK-F-AM4,synthetic256m,plus,12000,1.57,5.319404602050781
DUCK-F-AM4,synthetic256m,variance,12000,3.133,9.331684112548828
DUCK-F-AM4,synthetic256m,weightsum,12000,1.725,5.575004577636719
DUCK-F-AM4,synthetic2m,boxcox0,12000,0.062,0.4806060791015625
DUCK-F-AM4,synthetic2m,devide,12000,0.047,0.773956298828125
DUCK-F-AM4,synthetic2m,func1,12000,0.081,0.3403587341308594
DUCK-F-AM4,synthetic2m,L22,12000,0.065,1.211761474609375
DUCK-F-AM4,synthetic2m,L2LN,12000,0.084,1.071746826171875
DUCK-F-AM4,synthetic2m,L2,12000,0.073,1.1900253295898438
DUCK-F-AM4,synthetic2m,max,12000,0.054,0.9840240478515624
DUCK-F-AM4,synthetic2m,mean,12000,0.051,0.8272056579589844
DUCK-F-AM4,synthetic2m,minus,12000,0.047,0.6763229370117188
DUCK-F-AM4,synthetic2m,multi,12000,0.061,0.7564620971679688
DUCK-F-AM4,synthetic2m,plus,12000,0.065,0.5649261474609375
DUCK-F-AM4,synthetic2m,variance,12000,0.093,0.9388389587402344
DUCK-F-AM4,synthetic2m,weightsum,12000,0.065,1.002471923828125
DUCK-F-AM4,synthetic32m,boxcox0,12000,0.288,0.9504623413085938
DUCK-F-AM4,synthetic32m,devide,12000,0.268,1.2266082763671875
DUCK-F-AM4,synthetic32m,func1,12000,0.296,0.75830078125
DUCK-F-AM4,synthetic32m,L22,12000,0.358,1.6753196716308594
DUCK-F-AM4,synthetic32m,L2LN,12000,0.655,1.988922119140625
DUCK-F-AM4,synthetic32m,L2,12000,0.517,1.9247512817382808
DUCK-F-AM4,synthetic32m,max,12000,0.383,1.7123489379882812
DUCK-F-AM4,synthetic32m,mean,12000,0.334,1.749736785888672
DUCK-F-AM4,synthetic32m,minus,12000,0.257,1.1563339233398438
DUCK-F-AM4,synthetic32m,multi,12000,0.259,1.3480949401855469
DUCK-F-AM4,synthetic32m,plus,12000,0.253,1.0422515869140625
DUCK-F-AM4,synthetic32m,variance,12000,0.638,1.914165496826172
DUCK-F-AM4,synthetic32m,weightsum,12000,0.339,2.15966796875
DUCK-F-AM4,synthetic4m,boxcox0,12000,0.079,0.5238494873046875
DUCK-F-AM4,synthetic4m,devide,12000,0.067,0.8297462463378906
DUCK-F-AM4,synthetic4m,func1,12000,0.095,0.3592567443847656
DUCK-F-AM4,synthetic4m,L22,12000,0.076,1.2262420654296875
DUCK-F-AM4,synthetic4m,L2LN,12000,0.119,1.1213150024414062
DUCK-F-AM4,synthetic4m,L2,12000,0.1,1.2527313232421875
DUCK-F-AM4,synthetic4m,max,12000,0.084,1.030170440673828
DUCK-F-AM4,synthetic4m,mean,12000,0.087,0.8549690246582031
DUCK-F-AM4,synthetic4m,minus,12000,0.065,0.7044944763183594
DUCK-F-AM4,synthetic4m,multi,12000,0.066,0.7659912109375
DUCK-F-AM4,synthetic4m,plus,12000,0.077,0.5905647277832031
DUCK-F-AM4,synthetic4m,variance,12000,0.123,0.9944534301757812
DUCK-F-AM4,synthetic4m,weightsum,12000,0.08,1.0122947692871094
DUCK-F-AM4,synthetic512m5v,boxcox0,12000,3.696,12.27960968017578
DUCK-F-AM4,synthetic512m5v,devide,12000,3.573,20.133445739746094
DUCK-F-AM4,synthetic512m5v,func1,12000,3.691,12.15640640258789
DUCK-F-AM4,synthetic512m5v,L22,12000,4.419,20.420692443847656
DUCK-F-AM4,synthetic512m5v,L2LN,12000,8.625,24.95096969604492
DUCK-F-AM4,synthetic512m5v,L2,12000,6.069,24.92728042602539
DUCK-F-AM4,synthetic512m5v,max,12000,4.519,9.897960662841797
DUCK-F-AM4,synthetic512m5v,mean,12000,4.095,24.71002960205078
DUCK-F-AM4,synthetic512m5v,minus,12000,3.339,11.504505157470703
DUCK-F-AM4,synthetic512m5v,multi,12000,3.581,11.564910888671877
DUCK-F-AM4,synthetic512m5v,plus,12000,3.473,15.051910400390623
DUCK-F-AM4,synthetic512m5v,variance,12000,7.597,25.50403213500977
DUCK-F-AM4,synthetic512m5v,weightsum,12000,4.179,24.918380737304688
DUCK-F-AM4,synthetic64m,boxcox0,12000,0.509,1.4329185485839844
DUCK-F-AM4,synthetic64m,devide,12000,0.497,2.3393630981445312
DUCK-F-AM4,synthetic64m,func1,12000,0.531,1.1473426818847656
DUCK-F-AM4,synthetic64m,L22,12000,0.634,2.3912506103515625
DUCK-F-AM4,synthetic64m,L2LN,12000,1.195,2.390533447265625
DUCK-F-AM4,synthetic64m,L2,12000,0.947,2.8732986450195312
DUCK-F-AM4,synthetic64m,max,12000,0.641,2.3274917602539062
DUCK-F-AM4,synthetic64m,mean,12000,0.644,2.498130798339844
DUCK-F-AM4,synthetic64m,minus,12000,0.471,1.6247711181640625
DUCK-F-AM4,synthetic64m,multi,12000,0.468,1.9327163696289065
DUCK-F-AM4,synthetic64m,plus,12000,0.476,1.5088462829589844
DUCK-F-AM4,synthetic64m,variance,12000,1.123,2.861011505126953
DUCK-F-AM4,synthetic64m,weightsum,12000,0.606,3.1055450439453125
DUCK-F-AM4,synthetic8m,boxcox0,12000,0.106,0.549957275390625
DUCK-F-AM4,synthetic8m,devide,12000,0.098,0.870697021484375
DUCK-F-AM4,synthetic8m,func1,12000,0.12,0.4000244140625
DUCK-F-AM4,synthetic8m,L22,12000,0.134,1.2991371154785156
DUCK-F-AM4,synthetic8m,L2LN,12000,0.199,1.2344589233398438
DUCK-F-AM4,synthetic8m,L2,12000,0.17,1.3641014099121094
DUCK-F-AM4,synthetic8m,max,12000,0.131,1.1223793029785156
DUCK-F-AM4,synthetic8m,mean,12000,0.114,0.9933242797851562
DUCK-F-AM4,synthetic8m,minus,12000,0.098,0.7526016235351562
DUCK-F-AM4,synthetic8m,multi,12000,0.089,0.8405838012695312
DUCK-F-AM4,synthetic8m,plus,12000,0.098,0.63800048828125
DUCK-F-AM4,synthetic8m,variance,12000,0.207,1.112407684326172
DUCK-F-AM4,synthetic8m,weightsum,12000,0.115,1.1729698181152344
DUCK-F-AM4,synthetic128m,boxcox0,1200,0.97,2.2341346740722656
DUCK-F-AM4,synthetic128m,devide,1200,0.881,1.764789581298828
DUCK-F-AM4,synthetic128m,func1,1200,1.079,1.894794464111328
DUCK-F-AM4,synthetic128m,L22,1200,1.186,2.106285095214844
DUCK-F-AM4,synthetic128m,L2LN,1200,1.983,2.7803878784179688
DUCK-F-AM4,synthetic128m,L2,1200,1.756,4.451503753662109
DUCK-F-AM4,synthetic128m,max,1200,1.244,3.776012420654297
DUCK-F-AM4,synthetic128m,mean,1200,1.062,2.436798095703125
DUCK-F-AM4,synthetic128m,minus,1200,0.909,0.7745132446289062
DUCK-F-AM4,synthetic128m,multi,1200,0.851,1.2621078491210938
DUCK-F-AM4,synthetic128m,plus,1200,0.87,2.739173889160156
DUCK-F-AM4,synthetic128m,variance,1200,2.211,3.112865447998047
DUCK-F-AM4,synthetic128m,weightsum,1200,1.04,1.6071052551269531
DUCK-F-AM4,synthetic16m,boxcox0,1200,0.163,0.61236572265625
DUCK-F-AM4,synthetic16m,devide,1200,0.155,0.5280265808105469
DUCK-F-AM4,synthetic16m,func1,1200,0.167,0.56439208984375
DUCK-F-AM4,synthetic16m,L22,1200,0.188,0.5732383728027344
DUCK-F-AM4,synthetic16m,L2LN,1200,0.35,0.6699256896972656
DUCK-F-AM4,synthetic16m,L2,1200,0.276,0.4252700805664062
DUCK-F-AM4,synthetic16m,max,1200,0.202,0.8038864135742188
DUCK-F-AM4,synthetic16m,mean,1200,0.181,0.6173591613769531
DUCK-F-AM4,synthetic16m,minus,1200,0.147,0.396209716796875
DUCK-F-AM4,synthetic16m,multi,1200,0.136,0.4686927795410156
DUCK-F-AM4,synthetic16m,plus,1200,0.145,0.3477973937988281
DUCK-F-AM4,synthetic16m,variance,1200,0.345,0.7169418334960938
DUCK-F-AM4,synthetic16m,weightsum,1200,0.177,0.5152244567871094
DUCK-F-AM4,synthetic1b5v,boxcox0,1200,7.922,67.87112426757812
DUCK-F-AM4,synthetic1b5v,devide,1200,6.364,34.80256652832031
DUCK-F-AM4,synthetic1b5v,func1,1200,43.978,62.03009033203125
DUCK-F-AM4,synthetic1b5v,L22,1200,8.109,82.26349639892578
DUCK-F-AM4,synthetic1b5v,L2LN,1200,14.624,90.35381698608398
DUCK-F-AM4,synthetic1b5v,L2,1200,12.011,67.10944366455078
DUCK-F-AM4,synthetic1b5v,max,1200,9.373,59.024173736572266
DUCK-F-AM4,synthetic1b5v,mean,1200,9.634,42.875953674316406
DUCK-F-AM4,synthetic1b5v,minus,1200,6.396,20.68876266479492
DUCK-F-AM4,synthetic1b5v,multi,1200,6.684,27.756526947021484
DUCK-F-AM4,synthetic1b5v,plus,1200,6.892,13.618450164794922
DUCK-F-AM4,synthetic1b5v,variance,1200,13.959,50.95616149902344
DUCK-F-AM4,synthetic1b5v,weightsum,1200,7.73,75.19734191894531
DUCK-F-AM4,synthetic1m,boxcox0,1200,0.027,0.2285995483398437
DUCK-F-AM4,synthetic1m,devide,1200,0.026,0.2307472229003906
DUCK-F-AM4,synthetic1m,func1,1200,0.037,0.2643089294433594
DUCK-F-AM4,synthetic1m,L22,1200,0.048,0.2679328918457031
DUCK-F-AM4,synthetic1m,L2LN,1200,0.073,0.2379531860351562
DUCK-F-AM4,synthetic1m,L2,1200,0.05,0.2464332580566406
DUCK-F-AM4,synthetic1m,max,1200,0.05,0.2361297607421875
DUCK-F-AM4,synthetic1m,mean,1200,0.032,0.2433891296386718
DUCK-F-AM4,synthetic1m,minus,1200,0.024,0.2461776733398437
DUCK-F-AM4,synthetic1m,multi,1200,0.04,0.256317138671875
DUCK-F-AM4,synthetic1m,plus,1200,0.023,0.2375450134277343
DUCK-F-AM4,synthetic1m,variance,1200,0.058,0.2579421997070312
DUCK-F-AM4,synthetic1m,weightsum,1200,0.034,0.2589569091796875
DUCK-F-AM4,synthetic256m,boxcox0,1200,1.482,4.3969268798828125
DUCK-F-AM4,synthetic256m,devide,1200,1.511,3.8986587524414062
DUCK-F-AM4,synthetic256m,func1,1200,1.629,3.583930969238281
DUCK-F-AM4,synthetic256m,L22,1200,1.823,3.09521484375
DUCK-F-AM4,synthetic256m,L2LN,1200,3.596,4.674533843994141
DUCK-F-AM4,synthetic256m,L2,1200,2.669,10.238792419433594
DUCK-F-AM4,synthetic256m,max,1200,2.198,8.649040222167969
DUCK-F-AM4,synthetic256m,mean,1200,1.79,5.480945587158203
DUCK-F-AM4,synthetic256m,minus,1200,1.603,1.4995079040527344
DUCK-F-AM4,synthetic256m,multi,1200,1.427,2.6945838928222656
DUCK-F-AM4,synthetic256m,plus,1200,1.51,5.608318328857422
DUCK-F-AM4,synthetic256m,variance,1200,3.42,7.070697784423828
DUCK-F-AM4,synthetic256m,weightsum,1200,1.748,3.461631774902344
DUCK-F-AM4,synthetic2m,boxcox0,1200,0.049,0.2658615112304687
DUCK-F-AM4,synthetic2m,devide,1200,0.045,0.2875556945800781
DUCK-F-AM4,synthetic2m,func1,1200,0.044,0.2535934448242187
DUCK-F-AM4,synthetic2m,L22,1200,0.049,0.2850723266601562
DUCK-F-AM4,synthetic2m,L2LN,1200,0.119,0.2431373596191406
DUCK-F-AM4,synthetic2m,L2,1200,0.074,0.2518959045410156
DUCK-F-AM4,synthetic2m,max,1200,0.051,0.2851943969726562
DUCK-F-AM4,synthetic2m,mean,1200,0.05,0.2533645629882812
DUCK-F-AM4,synthetic2m,minus,1200,0.048,0.2571029663085937
DUCK-F-AM4,synthetic2m,multi,1200,0.036,0.272064208984375
DUCK-F-AM4,synthetic2m,plus,1200,0.037,0.2440681457519531
DUCK-F-AM4,synthetic2m,variance,1200,0.087,0.275909423828125
DUCK-F-AM4,synthetic2m,weightsum,1200,0.047,0.2696266174316406
DUCK-F-AM4,synthetic32m,boxcox0,1200,0.257,0.8558807373046875
DUCK-F-AM4,synthetic32m,devide,1200,0.271,0.870086669921875
DUCK-F-AM4,synthetic32m,func1,1200,0.3,0.762908935546875
DUCK-F-AM4,synthetic32m,L22,1200,0.333,0.979045867919922
DUCK-F-AM4,synthetic32m,L2LN,1200,0.682,1.1834983825683594
DUCK-F-AM4,synthetic32m,L2,1200,0.518,0.6454544067382812
DUCK-F-AM4,synthetic32m,max,1200,0.388,1.4775314331054688
DUCK-F-AM4,synthetic32m,mean,1200,0.31,1.072601318359375
DUCK-F-AM4,synthetic32m,minus,1200,0.246,0.604949951171875
DUCK-F-AM4,synthetic32m,multi,1200,0.255,0.7365036010742188
DUCK-F-AM4,synthetic32m,plus,1200,0.249,0.4707984924316406
DUCK-F-AM4,synthetic32m,variance,1200,0.637,1.279815673828125
DUCK-F-AM4,synthetic32m,weightsum,1200,0.327,0.8475341796875
DUCK-F-AM4,synthetic4m,boxcox0,1200,0.062,0.2470893859863281
DUCK-F-AM4,synthetic4m,devide,1200,0.058,0.3274269104003906
DUCK-F-AM4,synthetic4m,func1,1200,0.078,0.2277297973632812
DUCK-F-AM4,synthetic4m,L22,1200,0.076,0.3753700256347656
DUCK-F-AM4,synthetic4m,L2LN,1200,0.126,0.4091758728027344
DUCK-F-AM4,synthetic4m,L2,1200,0.1,0.3294601440429687
DUCK-F-AM4,synthetic4m,max,1200,0.077,0.3025741577148437
DUCK-F-AM4,synthetic4m,mean,1200,0.074,0.3594818115234375
DUCK-F-AM4,synthetic4m,minus,1200,0.059,0.2826919555664062
DUCK-F-AM4,synthetic4m,multi,1200,0.06,0.30322265625
DUCK-F-AM4,synthetic4m,plus,1200,0.059,0.2633743286132812
DUCK-F-AM4,synthetic4m,variance,1200,0.126,0.2908592224121094
DUCK-F-AM4,synthetic4m,weightsum,1200,0.077,0.354736328125
DUCK-F-AM4,synthetic512m5v,boxcox0,1200,3.629,10.616069793701172
DUCK-F-AM4,synthetic512m5v,devide,1200,3.593,25.313457489013672
DUCK-F-AM4,synthetic512m5v,func1,1200,3.837,7.638935089111328
DUCK-F-AM4,synthetic512m5v,L22,1200,4.221,51.65773391723633
DUCK-F-AM4,synthetic512m5v,L2LN,1200,7.525,56.19890594482422
DUCK-F-AM4,synthetic512m5v,L2,1200,6.417,43.443965911865234
DUCK-F-AM4,synthetic512m5v,max,1200,4.736,38.91764450073242
DUCK-F-AM4,synthetic512m5v,mean,1200,4.532,29.847797393798828
DUCK-F-AM4,synthetic512m5v,minus,1200,3.57,17.96407699584961
DUCK-F-AM4,synthetic512m5v,multi,1200,3.301,21.6364860534668
DUCK-F-AM4,synthetic512m5v,plus,1200,3.623,14.287822723388672
DUCK-F-AM4,synthetic512m5v,variance,1200,7.426,34.389976501464844
DUCK-F-AM4,synthetic512m5v,weightsum,1200,4.118,47.981475830078125
DUCK-F-AM4,synthetic64m,boxcox0,1200,0.546,1.5244064331054688
DUCK-F-AM4,synthetic64m,devide,1200,0.469,1.2425918579101562
DUCK-F-AM4,synthetic64m,func1,1200,0.556,1.3494873046875
DUCK-F-AM4,synthetic64m,L22,1200,0.64,1.2049217224121094
DUCK-F-AM4,synthetic64m,L2LN,1200,1.219,1.562358856201172
DUCK-F-AM4,synthetic64m,L2,1200,0.981,2.65869140625
DUCK-F-AM4,synthetic64m,max,1200,0.644,2.302135467529297
DUCK-F-AM4,synthetic64m,mean,1200,0.608,1.5978927612304688
DUCK-F-AM4,synthetic64m,minus,1200,0.471,0.7442970275878906
DUCK-F-AM4,synthetic64m,multi,1200,0.468,0.9935836791992188
DUCK-F-AM4,synthetic64m,plus,1200,0.466,1.7767410278320312
DUCK-F-AM4,synthetic64m,variance,1200,1.175,1.955894470214844
DUCK-F-AM4,synthetic64m,weightsum,1200,0.594,0.959735870361328
DUCK-F-AM4,synthetic8m,boxcox0,1200,0.082,0.2812881469726562
DUCK-F-AM4,synthetic8m,devide,1200,0.087,0.4100608825683594
DUCK-F-AM4,synthetic8m,func1,1200,0.1,0.43475341796875
DUCK-F-AM4,synthetic8m,L22,1200,0.109,0.4668121337890625
DUCK-F-AM4,synthetic8m,L2LN,1200,0.2,0.5147857666015625
DUCK-F-AM4,synthetic8m,L2,1200,0.164,0.380615234375
DUCK-F-AM4,synthetic8m,max,1200,0.115,0.3389015197753906
DUCK-F-AM4,synthetic8m,mean,1200,0.115,0.4622955322265625
DUCK-F-AM4,synthetic8m,minus,1200,0.089,0.3452339172363281
DUCK-F-AM4,synthetic8m,multi,1200,0.084,0.3794975280761719
DUCK-F-AM4,synthetic8m,plus,1200,0.084,0.3149223327636719
DUCK-F-AM4,synthetic8m,variance,1200,0.203,0.5201187133789062
DUCK-F-AM4,synthetic8m,weightsum,1200,0.105,0.4351730346679687
DUCK-F-AM4,synthetic128m,boxcox0,200,0.8,1.276836395263672
DUCK-F-AM4,synthetic128m,devide,200,0.845,1.779376983642578
DUCK-F-AM4,synthetic128m,func1,200,0.941,1.3004379272460938
DUCK-F-AM4,synthetic128m,L22,200,0.912,6.821945190429688
DUCK-F-AM4,synthetic128m,L2LN,200,1.817,7.3325653076171875
DUCK-F-AM4,synthetic128m,L2,200,1.433,4.298007965087891
DUCK-F-AM4,synthetic128m,max,200,1.165,1.6275978088378906
DUCK-F-AM4,synthetic128m,mean,200,0.995,1.948394775390625
DUCK-F-AM4,synthetic128m,minus,200,0.78,1.777191162109375
DUCK-F-AM4,synthetic128m,multi,200,0.745,1.7765617370605469
DUCK-F-AM4,synthetic128m,plus,200,0.771,1.4399147033691406
DUCK-F-AM4,synthetic128m,variance,200,2.105,2.292583465576172
DUCK-F-AM4,synthetic128m,weightsum,200,0.864,6.3077545166015625
DUCK-F-AM4,synthetic16m,boxcox0,200,0.148,0.3966903686523437
DUCK-F-AM4,synthetic16m,devide,200,0.15,0.4355621337890625
DUCK-F-AM4,synthetic16m,func1,200,0.159,0.398590087890625
DUCK-F-AM4,synthetic16m,L22,200,0.191,0.4950828552246094
DUCK-F-AM4,synthetic16m,L2LN,200,0.359,0.4696922302246094
DUCK-F-AM4,synthetic16m,L2,200,0.273,0.5263137817382812
DUCK-F-AM4,synthetic16m,max,200,0.203,0.5289306640625
DUCK-F-AM4,synthetic16m,mean,200,0.169,0.4692497253417969
DUCK-F-AM4,synthetic16m,minus,200,0.137,0.4300880432128906
DUCK-F-AM4,synthetic16m,multi,200,0.132,0.4358558654785156
DUCK-F-AM4,synthetic16m,plus,200,0.135,0.4114341735839844
DUCK-F-AM4,synthetic16m,variance,200,0.36,0.5319061279296875
DUCK-F-AM4,synthetic16m,weightsum,200,0.164,0.5307579040527344
DUCK-F-AM4,synthetic1b5v,boxcox0,200,6.654,9.184864044189451
DUCK-F-AM4,synthetic1b5v,devide,200,7.141,12.56084442138672
DUCK-F-AM4,synthetic1b5v,func1,200,7.438,6.069446563720703
DUCK-F-AM4,synthetic1b5v,L22,200,8.362,12.854629516601562
DUCK-F-AM4,synthetic1b5v,L2LN,200,14.056,15.019927978515623
DUCK-F-AM4,synthetic1b5v,L2,200,11.612,14.993396759033203
DUCK-F-AM4,synthetic1b5v,max,200,8.654,13.40108871459961
DUCK-F-AM4,synthetic1b5v,mean,200,8.431,14.776893615722656
DUCK-F-AM4,synthetic1b5v,minus,200,6.349,11.24289321899414
DUCK-F-AM4,synthetic1b5v,multi,200,6.192,11.305007934570312
DUCK-F-AM4,synthetic1b5v,plus,200,6.527,11.145706176757812
DUCK-F-AM4,synthetic1b5v,variance,200,13.99,15.558883666992188
DUCK-F-AM4,synthetic1b5v,weightsum,200,7.538,13.412342071533203
DUCK-F-AM4,synthetic1m,boxcox0,200,0.029,0.2684059143066406
DUCK-F-AM4,synthetic1m,devide,200,0.025,0.2695541381835937
DUCK-F-AM4,synthetic1m,func1,200,0.034,0.2840538024902344
DUCK-F-AM4,synthetic1m,L22,200,0.039,0.2773361206054687
DUCK-F-AM4,synthetic1m,L2LN,200,0.075,0.2779541015625
DUCK-F-AM4,synthetic1m,L2,200,0.062,0.2801437377929687
DUCK-F-AM4,synthetic1m,max,200,0.038,0.2788467407226562
DUCK-F-AM4,synthetic1m,mean,200,0.042,0.2723808288574219
DUCK-F-AM4,synthetic1m,minus,200,0.033,0.271697998046875
DUCK-F-AM4,synthetic1m,multi,200,0.037,0.2709884643554687
DUCK-F-AM4,synthetic1m,plus,200,0.04,0.2715492248535156
DUCK-F-AM4,synthetic1m,variance,200,0.073,0.2827873229980469
DUCK-F-AM4,synthetic1m,weightsum,200,0.032,0.2788543701171875
DUCK-F-AM4,synthetic256m,boxcox0,200,1.297,11.054649353027344
DUCK-F-AM4,synthetic256m,devide,200,1.295,14.388885498046877
DUCK-F-AM4,synthetic256m,func1,200,1.505,7.806991577148437
DUCK-F-AM4,synthetic256m,L22,200,1.64,22.1707763671875
DUCK-F-AM4,synthetic256m,L2LN,200,3.162,27.359527587890625
DUCK-F-AM4,synthetic256m,L2,200,2.661,11.516651153564451
DUCK-F-AM4,synthetic256m,max,200,1.891,3.637393951416016
DUCK-F-AM4,synthetic256m,mean,200,1.639,18.38741683959961
DUCK-F-AM4,synthetic256m,minus,200,1.378,5.971492767333984
DUCK-F-AM4,synthetic256m,multi,200,1.218,10.77385711669922
DUCK-F-AM4,synthetic256m,plus,200,1.246,2.3612594604492188
DUCK-F-AM4,synthetic256m,variance,200,3.318,23.14560317993164
DUCK-F-AM4,synthetic256m,weightsum,200,1.575,16.24737548828125
DUCK-F-AM4,synthetic2m,boxcox0,200,0.04,0.2869071960449219
DUCK-F-AM4,synthetic2m,devide,200,0.037,0.2930068969726562
DUCK-F-AM4,synthetic2m,func1,200,0.045,0.2854042053222656
DUCK-F-AM4,synthetic2m,L22,200,0.048,0.2992210388183594
DUCK-F-AM4,synthetic2m,L2LN,200,0.085,0.300201416015625
DUCK-F-AM4,synthetic2m,L2,200,0.064,0.2984237670898437
DUCK-F-AM4,synthetic2m,max,200,0.049,0.3021583557128906
DUCK-F-AM4,synthetic2m,mean,200,0.049,0.2973899841308594
DUCK-F-AM4,synthetic2m,minus,200,0.03,0.2918586730957031
DUCK-F-AM4,synthetic2m,multi,200,0.031,0.2920684814453125
DUCK-F-AM4,synthetic2m,plus,200,0.034,0.289093017578125
DUCK-F-AM4,synthetic2m,variance,200,0.078,0.307830810546875
DUCK-F-AM4,synthetic2m,weightsum,200,0.043,0.2997016906738281
DUCK-F-AM4,synthetic32m,boxcox0,200,0.259,0.5410881042480469
DUCK-F-AM4,synthetic32m,devide,200,0.251,0.6568374633789062
DUCK-F-AM4,synthetic32m,func1,200,0.291,0.5316390991210938
DUCK-F-AM4,synthetic32m,L22,200,0.344,0.78497314453125
DUCK-F-AM4,synthetic32m,L2LN,200,0.649,0.7228927612304688
DUCK-F-AM4,synthetic32m,L2,200,0.473,0.8544158935546875
DUCK-F-AM4,synthetic32m,max,200,0.368,0.8537788391113281
DUCK-F-AM4,synthetic32m,mean,200,0.323,0.7270698547363281
DUCK-F-AM4,synthetic32m,minus,200,0.257,0.6546134948730469
DUCK-F-AM4,synthetic32m,multi,200,0.227,0.6569137573242188
DUCK-F-AM4,synthetic32m,plus,200,0.245,0.5805320739746094
DUCK-F-AM4,synthetic32m,variance,200,0.696,0.8619422912597656
DUCK-F-AM4,synthetic32m,weightsum,200,0.323,0.8520164489746094
DUCK-F-AM4,synthetic4m,boxcox0,200,0.062,0.2978591918945312
DUCK-F-AM4,synthetic4m,devide,200,0.063,0.3131370544433594
DUCK-F-AM4,synthetic4m,func1,200,0.067,0.3039321899414062
DUCK-F-AM4,synthetic4m,L22,200,0.07,0.3228988647460937
DUCK-F-AM4,synthetic4m,L2LN,200,0.118,0.3235702514648437
DUCK-F-AM4,synthetic4m,L2,200,0.099,0.3290977478027344
DUCK-F-AM4,synthetic4m,max,200,0.068,0.3307952880859375
DUCK-F-AM4,synthetic4m,mean,200,0.071,0.3207931518554687
DUCK-F-AM4,synthetic4m,minus,200,0.051,0.3105964660644531
DUCK-F-AM4,synthetic4m,multi,200,0.052,0.3109588623046875
DUCK-F-AM4,synthetic4m,plus,200,0.05,0.3006057739257812
DUCK-F-AM4,synthetic4m,variance,200,0.117,0.3359336853027344
DUCK-F-AM4,synthetic4m,weightsum,200,0.069,0.3307838439941406
DUCK-F-AM4,synthetic512m5v,boxcox0,200,3.525,16.952537536621094
DUCK-F-AM4,synthetic512m5v,devide,200,2.064,33.649436950683594
DUCK-F-AM4,synthetic512m5v,func1,200,17.615,5.094390869140625
DUCK-F-AM4,synthetic512m5v,L22,200,4.698,5.7899322509765625
DUCK-F-AM4,synthetic512m5v,L2LN,200,7.451,6.971515655517578
DUCK-F-AM4,synthetic512m5v,L2,200,2.972,41.2847785949707
DUCK-F-AM4,synthetic512m5v,max,200,2.272,23.309574127197266
DUCK-F-AM4,synthetic512m5v,mean,200,3.411,45.51647567749024
DUCK-F-AM4,synthetic512m5v,minus,200,2.092,11.642341613769531
DUCK-F-AM4,synthetic512m5v,multi,200,2.017,22.64501571655273
DUCK-F-AM4,synthetic512m5v,plus,200,3.228,26.54870986938477
DUCK-F-AM4,synthetic512m5v,variance,200,4.384,5.324134826660156
DUCK-F-AM4,synthetic512m5v,weightsum,200,2.084,59.32746887207031
DUCK-F-AM4,synthetic64m,boxcox0,200,0.513,0.7697677612304688
DUCK-F-AM4,synthetic64m,devide,200,0.502,1.003948211669922
DUCK-F-AM4,synthetic64m,func1,200,0.592,0.8235282897949219
DUCK-F-AM4,synthetic64m,L22,200,0.579,1.2118453979492188
DUCK-F-AM4,synthetic64m,L2LN,200,1.111,1.1189804077148438
DUCK-F-AM4,synthetic64m,L2,200,0.879,1.3128890991210938
DUCK-F-AM4,synthetic64m,max,200,0.701,1.3100204467773438
DUCK-F-AM4,synthetic64m,mean,200,0.588,1.107757568359375
DUCK-F-AM4,synthetic64m,minus,200,0.496,1.00177001953125
DUCK-F-AM4,synthetic64m,multi,200,0.465,1.0028915405273438
DUCK-F-AM4,synthetic64m,plus,200,0.451,0.8471145629882812
DUCK-F-AM4,synthetic64m,variance,200,1.182,1.3165855407714844
DUCK-F-AM4,synthetic64m,weightsum,200,0.563,1.3160247802734375
DUCK-F-AM4,synthetic8m,boxcox0,200,0.086,0.3247146606445312
DUCK-F-AM4,synthetic8m,devide,200,0.09,0.3478813171386719
DUCK-F-AM4,synthetic8m,func1,200,0.095,0.33282470703125
DUCK-F-AM4,synthetic8m,L22,200,0.104,0.3840713500976562
DUCK-F-AM4,synthetic8m,L2LN,200,0.197,0.3658447265625
DUCK-F-AM4,synthetic8m,L2,200,0.161,0.394378662109375
DUCK-F-AM4,synthetic8m,max,200,0.124,0.3979225158691406
DUCK-F-AM4,synthetic8m,mean,200,0.101,0.3708610534667969
DUCK-F-AM4,synthetic8m,minus,200,0.085,0.3498268127441406
DUCK-F-AM4,synthetic8m,multi,200,0.075,0.3488044738769531
DUCK-F-AM4,synthetic8m,plus,200,0.084,0.3344192504882812
DUCK-F-AM4,synthetic8m,variance,200,0.192,0.4090576171875
DUCK-F-AM4,synthetic8m,weightsum,200,0.108,0.4059295654296875
DUCK-F-AM4,synthetic128m,boxcox0,400,0.805,1.6146697998046875
DUCK-F-AM4,synthetic128m,devide,400,0.858,2.2804908752441406
DUCK-F-AM4,synthetic128m,func1,400,0.9,1.6393547058105469
DUCK-F-AM4,synthetic128m,L22,400,0.954,7.3257293701171875
DUCK-F-AM4,synthetic128m,L2LN,400,1.831,6.993675231933594
DUCK-F-AM4,synthetic128m,L2,400,1.411,4.966117858886719
DUCK-F-AM4,synthetic128m,max,400,1.036,2.2921295166015625
DUCK-F-AM4,synthetic128m,mean,400,1.009,2.616558074951172
DUCK-F-AM4,synthetic128m,minus,400,0.742,2.2796363830566406
DUCK-F-AM4,synthetic128m,multi,400,0.827,2.2796669006347656
DUCK-F-AM4,synthetic128m,plus,400,0.768,1.9428482055664065
DUCK-F-AM4,synthetic128m,variance,400,1.879,2.958438873291016
DUCK-F-AM4,synthetic128m,weightsum,400,0.881,6.977741241455078
DUCK-F-AM4,synthetic16m,boxcox0,400,0.146,0.4450798034667969
DUCK-F-AM4,synthetic16m,devide,400,0.142,0.4963226318359375
DUCK-F-AM4,synthetic16m,func1,400,0.167,0.4454727172851562
DUCK-F-AM4,synthetic16m,L22,400,0.192,0.5553054809570312
DUCK-F-AM4,synthetic16m,L2LN,400,0.354,0.5649681091308594
DUCK-F-AM4,synthetic16m,L2,400,0.268,0.6202888488769531
DUCK-F-AM4,synthetic16m,max,400,0.202,0.6164283752441406
DUCK-F-AM4,synthetic16m,mean,400,0.162,0.5552101135253906
DUCK-F-AM4,synthetic16m,minus,400,0.141,0.4952583312988281
DUCK-F-AM4,synthetic16m,multi,400,0.138,0.4969291687011719
DUCK-F-AM4,synthetic16m,plus,400,0.139,0.4644203186035156
DUCK-F-AM4,synthetic16m,variance,400,0.345,0.6244888305664062
DUCK-F-AM4,synthetic16m,weightsum,400,0.184,0.61834716796875
DUCK-F-AM4,synthetic1b5v,boxcox0,400,6.76,6.209014892578125
DUCK-F-AM4,synthetic1b5v,devide,400,8.806,15.952308654785156
DUCK-F-AM4,synthetic1b5v,func1,400,7.291,6.100933074951172
DUCK-F-AM4,synthetic1b5v,L22,400,8.293,19.89835357666016
DUCK-F-AM4,synthetic1b5v,L2LN,400,14.277,18.56906509399414
DUCK-F-AM4,synthetic1b5v,L2,400,11.504,23.029808044433597
DUCK-F-AM4,synthetic1b5v,max,400,8.63,21.43773651123047
DUCK-F-AM4,synthetic1b5v,mean,400,7.656,22.84308242797852
DUCK-F-AM4,synthetic1b5v,minus,400,6.322,18.295825958251957
DUCK-F-AM4,synthetic1b5v,multi,400,6.421,18.3581657409668
DUCK-F-AM4,synthetic1b5v,plus,400,6.607,18.20137023925781
DUCK-F-AM4,synthetic1b5v,variance,400,13.948,23.60092544555664
DUCK-F-AM4,synthetic1b5v,weightsum,400,7.771,21.462215423583984
DUCK-F-AM4,synthetic1m,boxcox0,400,0.04,0.2779388427734375
DUCK-F-AM4,synthetic1m,devide,400,0.03,0.2780723571777344
DUCK-F-AM4,synthetic1m,func1,400,0.03,0.2920646667480469
DUCK-F-AM4,synthetic1m,L22,400,0.038,0.2870330810546875
DUCK-F-AM4,synthetic1m,L2LN,400,0.073,0.2905082702636719
DUCK-F-AM4,synthetic1m,L2,400,0.047,0.2905158996582031
DUCK-F-AM4,synthetic1m,max,400,0.033,0.2886276245117187
DUCK-F-AM4,synthetic1m,mean,400,0.051,0.284912109375
DUCK-F-AM4,synthetic1m,minus,400,0.035,0.2809715270996094
DUCK-F-AM4,synthetic1m,multi,400,0.034,0.2792320251464844
DUCK-F-AM4,synthetic1m,plus,400,0.036,0.2798881530761719
DUCK-F-AM4,synthetic1m,variance,400,0.056,0.2949943542480469
DUCK-F-AM4,synthetic1m,weightsum,400,0.041,0.2905120849609375
DUCK-F-AM4,synthetic256m,boxcox0,400,1.288,11.87380599975586
DUCK-F-AM4,synthetic256m,devide,400,1.29,15.59638214111328
DUCK-F-AM4,synthetic256m,func1,400,1.502,8.617973327636719
DUCK-F-AM4,synthetic256m,L22,400,1.691,23.375938415527344
DUCK-F-AM4,synthetic256m,L2LN,400,3.274,28.944629669189453
DUCK-F-AM4,synthetic256m,L2,400,2.557,13.091411590576172
DUCK-F-AM4,synthetic256m,max,400,1.856,5.217430114746094
DUCK-F-AM4,synthetic256m,mean,400,1.477,19.97258758544922
DUCK-F-AM4,synthetic256m,minus,400,1.503,7.17596435546875
DUCK-F-AM4,synthetic256m,multi,400,1.24,11.98163604736328
DUCK-F-AM4,synthetic256m,plus,400,1.252,3.5681114196777344
DUCK-F-AM4,synthetic256m,variance,400,3.104,24.735939025878903
DUCK-F-AM4,synthetic256m,weightsum,400,1.58,17.82236099243164
DUCK-F-AM4,synthetic2m,boxcox0,400,0.049,0.2992668151855469
DUCK-F-AM4,synthetic2m,devide,400,0.043,0.3066825866699219
DUCK-F-AM4,synthetic2m,func1,400,0.046,0.2977828979492187
DUCK-F-AM4,synthetic2m,L22,400,0.049,0.3118438720703125
DUCK-F-AM4,synthetic2m,L2LN,400,0.083,0.3191070556640625
DUCK-F-AM4,synthetic2m,L2,400,0.066,0.3116302490234375
DUCK-F-AM4,synthetic2m,max,400,0.051,0.3165512084960937
DUCK-F-AM4,synthetic2m,mean,400,0.044,0.3133888244628906
DUCK-F-AM4,synthetic2m,minus,400,0.04,0.3018302917480469
DUCK-F-AM4,synthetic2m,multi,400,0.038,0.3065147399902344
DUCK-F-AM4,synthetic2m,plus,400,0.042,0.3029212951660156
DUCK-F-AM4,synthetic2m,variance,400,0.087,0.3196678161621094
DUCK-F-AM4,synthetic2m,weightsum,400,0.043,0.31207275390625
DUCK-F-AM4,synthetic32m,boxcox0,400,0.272,0.6353492736816406
DUCK-F-AM4,synthetic32m,devide,400,0.263,0.7878646850585938
DUCK-F-AM4,synthetic32m,func1,400,0.283,0.6255149841308594
DUCK-F-AM4,synthetic32m,L22,400,0.333,0.9175453186035156
DUCK-F-AM4,synthetic32m,L2LN,400,0.657,0.9229850769042968
DUCK-F-AM4,synthetic32m,L2,400,0.481,1.0556182861328125
DUCK-F-AM4,synthetic32m,max,400,0.366,1.0542221069335938
DUCK-F-AM4,synthetic32m,mean,400,0.327,0.9260940551757812
DUCK-F-AM4,synthetic32m,minus,400,0.25,0.7870635986328125
DUCK-F-AM4,synthetic32m,multi,400,0.243,0.7879066467285156
DUCK-F-AM4,synthetic32m,plus,400,0.265,0.7115936279296875
DUCK-F-AM4,synthetic32m,variance,400,0.638,1.062335968017578
DUCK-F-AM4,synthetic32m,weightsum,400,0.366,1.0522232055664062
DUCK-F-AM4,synthetic4m,boxcox0,400,0.061,0.3130836486816406
DUCK-F-AM4,synthetic4m,devide,400,0.058,0.3308677673339844
DUCK-F-AM4,synthetic4m,func1,400,0.062,0.3171958923339844
DUCK-F-AM4,synthetic4m,L22,400,0.069,0.3405952453613281
DUCK-F-AM4,synthetic4m,L2LN,400,0.118,0.3514976501464844
DUCK-F-AM4,synthetic4m,L2,400,0.092,0.3568077087402344
DUCK-F-AM4,synthetic4m,max,400,0.077,0.3555946350097656
DUCK-F-AM4,synthetic4m,mean,400,0.063,0.34674072265625
DUCK-F-AM4,synthetic4m,minus,400,0.057,0.3290023803710937
DUCK-F-AM4,synthetic4m,multi,400,0.054,0.3312568664550781
DUCK-F-AM4,synthetic4m,plus,400,0.056,0.3209037780761719
DUCK-F-AM4,synthetic4m,variance,400,0.12,0.3658866882324219
DUCK-F-AM4,synthetic4m,weightsum,400,0.072,0.3565711975097656
DUCK-F-AM4,synthetic512m5v,boxcox0,400,3.958,19.923938751220703
DUCK-F-AM4,synthetic512m5v,devide,400,2.002,37.31023025512695
DUCK-F-AM4,synthetic512m5v,func1,400,5.04,8.061107635498047
DUCK-F-AM4,synthetic512m5v,L22,400,4.483,9.444602966308594
DUCK-F-AM4,synthetic512m5v,L2LN,400,7.3,11.4652099609375
DUCK-F-AM4,synthetic512m5v,L2,400,2.967,45.79450225830078
DUCK-F-AM4,synthetic512m5v,max,400,2.27,27.79541015625
DUCK-F-AM4,synthetic512m5v,mean,400,2.314,50.02301788330078
DUCK-F-AM4,synthetic512m5v,minus,400,2.077,15.311363220214844
DUCK-F-AM4,synthetic512m5v,multi,400,2.0,26.312664031982425
DUCK-F-AM4,synthetic512m5v,plus,400,3.416,30.20736694335937
DUCK-F-AM4,synthetic512m5v,variance,400,3.667,9.833038330078123
DUCK-F-AM4,synthetic512m5v,weightsum,400,2.132,63.83213806152344
DUCK-F-AM4,synthetic64m,boxcox0,400,0.471,0.9415206909179688
DUCK-F-AM4,synthetic64m,devide,400,0.494,1.253643035888672
DUCK-F-AM4,synthetic64m,func1,400,0.559,0.996562957763672
DUCK-F-AM4,synthetic64m,L22,400,0.566,1.4618301391601562
DUCK-F-AM4,synthetic64m,L2LN,400,1.127,1.468608856201172
DUCK-F-AM4,synthetic64m,L2,400,0.891,1.6631431579589844
DUCK-F-AM4,synthetic64m,max,400,0.651,1.661041259765625
DUCK-F-AM4,synthetic64m,mean,400,0.607,1.4586257934570312
DUCK-F-AM4,synthetic64m,minus,400,0.465,1.2528457641601562
DUCK-F-AM4,synthetic64m,multi,400,0.457,1.2507476806640625
DUCK-F-AM4,synthetic64m,plus,400,0.44,1.097881317138672
DUCK-F-AM4,synthetic64m,variance,400,1.162,1.6679840087890625
DUCK-F-AM4,synthetic64m,weightsum,400,0.593,1.6665534973144531
DUCK-F-AM4,synthetic8m,boxcox0,400,0.087,0.347259521484375
DUCK-F-AM4,synthetic8m,devide,400,0.09,0.3812942504882812
DUCK-F-AM4,synthetic8m,func1,400,0.098,0.3538627624511719
DUCK-F-AM4,synthetic8m,L22,400,0.114,0.4160728454589844
DUCK-F-AM4,synthetic8m,L2LN,400,0.203,0.4205436706542969
DUCK-F-AM4,synthetic8m,L2,400,0.164,0.4437789916992187
DUCK-F-AM4,synthetic8m,max,400,0.124,0.450531005859375
DUCK-F-AM4,synthetic8m,mean,400,0.108,0.4198989868164062
DUCK-F-AM4,synthetic8m,minus,400,0.083,0.3796806335449219
DUCK-F-AM4,synthetic8m,multi,400,0.078,0.3794708251953125
DUCK-F-AM4,synthetic8m,plus,400,0.086,0.3635444641113281
DUCK-F-AM4,synthetic8m,variance,400,0.195,0.4590568542480469
DUCK-F-AM4,synthetic8m,weightsum,400,0.107,0.45452880859375
DUCK-F-AM4,synthetic128m,boxcox0,600,0.856,1.953529357910156
DUCK-F-AM4,synthetic128m,devide,600,0.914,2.78411865234375
DUCK-F-AM4,synthetic128m,func1,600,0.91,1.979228973388672
DUCK-F-AM4,synthetic128m,L22,600,1.017,6.656303405761719
DUCK-F-AM4,synthetic128m,L2LN,600,1.831,5.043918609619141
DUCK-F-AM4,synthetic128m,L2,600,1.441,5.636665344238281
DUCK-F-AM4,synthetic128m,max,600,1.064,2.299541473388672
DUCK-F-AM4,synthetic128m,mean,600,0.972,3.285953521728516
DUCK-F-AM4,synthetic128m,minus,600,0.806,2.783676147460937
DUCK-F-AM4,synthetic128m,multi,600,0.727,2.7819366455078125
DUCK-F-AM4,synthetic128m,plus,600,0.756,2.448688507080078
DUCK-F-AM4,synthetic128m,variance,600,1.822,3.626174926757813
DUCK-F-AM4,synthetic128m,weightsum,600,0.896,6.979400634765625
DUCK-F-AM4,synthetic16m,boxcox0,600,0.146,0.4947013854980469
DUCK-F-AM4,synthetic16m,devide,600,0.143,0.5572738647460938
DUCK-F-AM4,synthetic16m,func1,600,0.168,0.4880638122558594
DUCK-F-AM4,synthetic16m,L22,600,0.193,0.6173553466796875
DUCK-F-AM4,synthetic16m,L2LN,600,0.348,4.1675567626953125
DUCK-F-AM4,synthetic16m,L2,600,0.304,0.7103462219238281
DUCK-F-AM4,synthetic16m,max,600,0.196,0.7080078125
DUCK-F-AM4,synthetic16m,mean,600,0.179,0.648193359375
DUCK-F-AM4,synthetic16m,minus,600,0.136,0.5577507019042969
DUCK-F-AM4,synthetic16m,multi,600,0.144,0.5590896606445312
DUCK-F-AM4,synthetic16m,plus,600,0.144,0.5338249206542969
DUCK-F-AM4,synthetic16m,variance,600,0.345,0.714752197265625
DUCK-F-AM4,synthetic16m,weightsum,600,0.176,0.7086601257324219
DUCK-F-AM4,synthetic1b5v,boxcox0,600,6.838,9.8773193359375
DUCK-F-AM4,synthetic1b5v,devide,600,6.727,12.806480407714844
DUCK-F-AM4,synthetic1b5v,func1,600,7.328,9.661914825439451
DUCK-F-AM4,synthetic1b5v,L22,600,8.261,14.546356201171877
DUCK-F-AM4,synthetic1b5v,L2LN,600,13.973,16.615394592285156
DUCK-F-AM4,synthetic1b5v,L2,600,11.474,15.77225112915039
DUCK-F-AM4,synthetic1b5v,max,600,8.735,16.125690460205078
DUCK-F-AM4,synthetic1b5v,mean,600,7.529,17.67352294921875
DUCK-F-AM4,synthetic1b5v,minus,600,6.616,12.326778411865234
DUCK-F-AM4,synthetic1b5v,multi,600,6.403,12.569599151611328
DUCK-F-AM4,synthetic1b5v,plus,600,6.432,12.06076431274414
DUCK-F-AM4,synthetic1b5v,variance,600,13.831,18.09361267089844
DUCK-F-AM4,synthetic1b5v,weightsum,600,7.746,17.749244689941406
DUCK-F-AM4,synthetic1m,boxcox0,600,0.036,0.2881011962890625
DUCK-F-AM4,synthetic1m,devide,600,0.037,0.2890777587890625
DUCK-F-AM4,synthetic1m,func1,600,0.036,0.2995185852050781
DUCK-F-AM4,synthetic1m,L22,600,0.036,0.2940826416015625
DUCK-F-AM4,synthetic1m,L2LN,600,0.069,4.017127990722656
DUCK-F-AM4,synthetic1m,L2,600,0.048,0.3000450134277344
DUCK-F-AM4,synthetic1m,max,600,0.042,0.2993354797363281
DUCK-F-AM4,synthetic1m,mean,600,0.052,0.297027587890625
DUCK-F-AM4,synthetic1m,minus,600,0.028,0.2912178039550781
DUCK-F-AM4,synthetic1m,multi,600,0.026,0.2889289855957031
DUCK-F-AM4,synthetic1m,plus,600,0.037,0.2904281616210937
DUCK-F-AM4,synthetic1m,variance,600,0.076,0.3030776977539062
DUCK-F-AM4,synthetic1m,weightsum,600,0.046,0.3019180297851562
DUCK-F-AM4,synthetic256m,boxcox0,600,1.356,11.876258850097656
DUCK-F-AM4,synthetic256m,devide,600,1.234,16.805221557617188
DUCK-F-AM4,synthetic256m,func1,600,1.56,8.619342803955078
DUCK-F-AM4,synthetic256m,L22,600,1.752,23.37559127807617
DUCK-F-AM4,synthetic256m,L2LN,600,3.37,6.2690582275390625
DUCK-F-AM4,synthetic256m,L2,600,2.563,14.672966003417969
DUCK-F-AM4,synthetic256m,max,600,1.768,6.791305541992188
DUCK-F-AM4,synthetic256m,mean,600,1.571,21.560325622558597
DUCK-F-AM4,synthetic256m,minus,600,1.203,7.1715240478515625
DUCK-F-AM4,synthetic256m,multi,600,1.265,13.18796157836914
DUCK-F-AM4,synthetic256m,plus,600,1.253,4.772705078125
DUCK-F-AM4,synthetic256m,variance,600,3.054,24.73312759399414
DUCK-F-AM4,synthetic256m,weightsum,600,1.599,17.821910858154297
DUCK-F-AM4,synthetic2m,boxcox0,600,0.048,0.3123054504394531
DUCK-F-AM4,synthetic2m,devide,600,0.044,0.3216590881347656
DUCK-F-AM4,synthetic2m,func1,600,0.04,0.3107376098632812
DUCK-F-AM4,synthetic2m,L22,600,0.044,0.3251228332519531
DUCK-F-AM4,synthetic2m,L2LN,600,0.078,4.027217864990234
DUCK-F-AM4,synthetic2m,L2,600,0.068,0.3336868286132812
DUCK-F-AM4,synthetic2m,max,600,0.056,0.3340034484863281
DUCK-F-AM4,synthetic2m,mean,600,0.052,0.328643798828125
DUCK-F-AM4,synthetic2m,minus,600,0.043,0.3205032348632812
DUCK-F-AM4,synthetic2m,multi,600,0.037,0.3216781616210937
DUCK-F-AM4,synthetic2m,plus,600,0.045,0.3189277648925781
DUCK-F-AM4,synthetic2m,variance,600,0.08,0.3376350402832031
DUCK-F-AM4,synthetic2m,weightsum,600,0.047,0.3336334228515625
DUCK-F-AM4,synthetic32m,boxcox0,600,0.27,0.7314491271972656
DUCK-F-AM4,synthetic32m,devide,600,0.265,0.9216232299804688
DUCK-F-AM4,synthetic32m,func1,600,0.303,0.7215614318847656
DUCK-F-AM4,synthetic32m,L22,600,0.306,1.0532455444335938
DUCK-F-AM4,synthetic32m,L2LN,600,0.635,4.316303253173828
DUCK-F-AM4,synthetic32m,L2,600,0.519,1.257568359375
DUCK-F-AM4,synthetic32m,max,600,0.368,1.2565193176269531
DUCK-F-AM4,synthetic32m,mean,600,0.313,1.1275634765625
DUCK-F-AM4,synthetic32m,minus,600,0.255,0.9213905334472656
DUCK-F-AM4,synthetic32m,multi,600,0.252,0.9216156005859376
DUCK-F-AM4,synthetic32m,plus,600,0.245,0.8450927734375
DUCK-F-AM4,synthetic32m,variance,600,0.651,1.2625045776367188
DUCK-F-AM4,synthetic32m,weightsum,600,0.318,1.2572975158691406
DUCK-F-AM4,synthetic4m,boxcox0,600,0.061,0.3282356262207031
DUCK-F-AM4,synthetic4m,devide,600,0.056,0.3502311706542969
DUCK-F-AM4,synthetic4m,func1,600,0.066,0.3266944885253906
DUCK-F-AM4,synthetic4m,L22,600,0.071,0.3596382141113281
DUCK-F-AM4,synthetic4m,L2LN,600,0.114,4.049095153808594
DUCK-F-AM4,synthetic4m,L2,600,0.093,0.3859596252441406
DUCK-F-AM4,synthetic4m,max,600,0.084,0.3820457458496094
DUCK-F-AM4,synthetic4m,mean,600,0.071,0.3733634948730469
DUCK-F-AM4,synthetic4m,minus,600,0.055,0.3503646850585937
DUCK-F-AM4,synthetic4m,multi,600,0.051,0.3522300720214844
DUCK-F-AM4,synthetic4m,plus,600,0.061,0.34259033203125
DUCK-F-AM4,synthetic4m,variance,600,0.124,0.395721435546875
DUCK-F-AM4,synthetic4m,weightsum,600,0.069,0.3835258483886719
DUCK-F-AM4,synthetic512m5v,boxcox0,600,3.488,19.921306610107425
DUCK-F-AM4,synthetic512m5v,devide,600,2.028,37.3174934387207
DUCK-F-AM4,synthetic512m5v,func1,600,3.908,8.058300018310547
DUCK-F-AM4,synthetic512m5v,L22,600,4.501,8.695476531982422
DUCK-F-AM4,synthetic512m5v,L2LN,600,7.357,10.771343231201172
DUCK-F-AM4,synthetic512m5v,L2,600,2.979,45.80516815185547
DUCK-F-AM4,synthetic512m5v,max,600,2.286,27.79122543334961
DUCK-F-AM4,synthetic512m5v,mean,600,2.35,54.53067398071289
DUCK-F-AM4,synthetic512m5v,minus,600,2.094,15.312488555908203
DUCK-F-AM4,synthetic512m5v,multi,600,1.993,26.31232452392578
DUCK-F-AM4,synthetic512m5v,plus,600,3.524,30.21292495727539
DUCK-F-AM4,synthetic512m5v,variance,600,3.686,14.341358184814451
DUCK-F-AM4,synthetic512m5v,weightsum,600,4.498,9.67635726928711
DUCK-F-AM4,synthetic64m,boxcox0,600,0.532,1.1151008605957031
DUCK-F-AM4,synthetic64m,devide,600,0.498,1.5048255920410156
DUCK-F-AM4,synthetic64m,func1,600,0.623,1.1698341369628906
DUCK-F-AM4,synthetic64m,L22,600,0.597,1.7104148864746094
DUCK-F-AM4,synthetic64m,L2LN,600,1.051,4.668712615966797
DUCK-F-AM4,synthetic64m,L2,600,0.938,2.015472412109375
DUCK-F-AM4,synthetic64m,max,600,0.684,2.0122528076171875
DUCK-F-AM4,synthetic64m,mean,600,0.607,1.8109397888183596
DUCK-F-AM4,synthetic64m,minus,600,0.485,1.503387451171875
DUCK-F-AM4,synthetic64m,multi,600,0.44,1.5025253295898438
DUCK-F-AM4,synthetic64m,plus,600,0.434,1.3472175598144531
DUCK-F-AM4,synthetic64m,variance,600,1.165,2.0200119018554688
DUCK-F-AM4,synthetic64m,weightsum,600,0.518,2.0184783935546875
DUCK-F-AM4,synthetic8m,boxcox0,600,0.081,0.3716888427734375
DUCK-F-AM4,synthetic8m,devide,600,0.091,0.4136466979980469
DUCK-F-AM4,synthetic8m,func1,600,0.098,0.3750076293945312
DUCK-F-AM4,synthetic8m,L22,600,0.107,0.4465713500976562
DUCK-F-AM4,synthetic8m,L2LN,600,0.191,4.078693389892578
DUCK-F-AM4,synthetic8m,L2,600,0.16,0.5037956237792969
DUCK-F-AM4,synthetic8m,max,600,0.122,0.49993896484375
DUCK-F-AM4,synthetic8m,mean,600,0.107,0.4682846069335937
DUCK-F-AM4,synthetic8m,minus,600,0.086,0.4126739501953125
DUCK-F-AM4,synthetic8m,multi,600,0.084,0.4115524291992187
DUCK-F-AM4,synthetic8m,plus,600,0.085,0.39434814453125
DUCK-F-AM4,synthetic8m,variance,600,0.197,0.5104598999023438
DUCK-F-AM4,synthetic8m,weightsum,600,0.11,0.503509521484375
DUCK-F-AM4,traffic,boxcox0,1000,0.03,0.2974700927734375
DUCK-F-AM4,traffic,devide,1000,0.03,0.3221435546875
DUCK-F-AM4,traffic,func1,1000,0.038,0.3103981018066406
DUCK-F-AM4,traffic,L22,1000,0.048,0.3251609802246094
DUCK-F-AM4,traffic,L2LN,1000,0.105,0.3498916625976562
DUCK-F-AM4,traffic,L2,1000,0.077,0.3518295288085937
DUCK-F-AM4,traffic,max,1000,0.05,0.3470687866210937
DUCK-F-AM4,traffic,mean,1000,0.052,0.3456573486328125
DUCK-F-AM4,traffic,minus,1000,0.042,0.3203239440917969
DUCK-F-AM4,traffic,multi,1000,0.027,0.32269287109375
DUCK-F-AM4,traffic,plus,1000,0.036,0.3169517517089844
DUCK-F-AM4,traffic,variance,1000,0.107,0.3612060546875
DUCK-F-AM4,traffic,weightsum,1000,0.043,0.35308837890625
DUCK-F-AM4,traffic,boxcox0,12000,0.052,0.4635581970214844
DUCK-F-AM4,traffic,devide,12000,0.048,0.9163818359375
DUCK-F-AM4,traffic,func1,12000,0.063,0.3212966918945312
DUCK-F-AM4,traffic,L22,12000,0.062,1.1806755065917969
DUCK-F-AM4,traffic,L2LN,12000,0.092,1.0564117431640625
DUCK-F-AM4,traffic,L2,12000,0.095,1.1970977783203125
DUCK-F-AM4,traffic,max,12000,0.066,0.9502677917480468
DUCK-F-AM4,traffic,mean,12000,0.045,1.1197662353515625
DUCK-F-AM4,traffic,minus,12000,0.041,0.6794319152832031
DUCK-F-AM4,traffic,multi,12000,0.05,0.7397880554199219
DUCK-F-AM4,traffic,plus,12000,0.058,0.5624504089355469
DUCK-F-AM4,traffic,variance,12000,0.097,0.9094314575195312
DUCK-F-AM4,traffic,weightsum,12000,0.057,1.1542854309082031
DUCK-F-AM4,traffic,boxcox0,1200,0.029,0.2311973571777343
DUCK-F-AM4,traffic,devide,1200,0.03,0.2435379028320312
DUCK-F-AM4,traffic,func1,1200,0.033,0.23260498046875
DUCK-F-AM4,traffic,L22,1200,0.032,0.2394142150878906
DUCK-F-AM4,traffic,L2LN,1200,0.08,0.260223388671875
DUCK-F-AM4,traffic,L2,1200,0.064,0.2777519226074219
DUCK-F-AM4,traffic,max,1200,0.061,0.2597084045410156
DUCK-F-AM4,traffic,mean,1200,0.042,0.2617416381835937
DUCK-F-AM4,traffic,minus,1200,0.034,0.2542648315429687
DUCK-F-AM4,traffic,multi,1200,0.026,0.2335014343261718
DUCK-F-AM4,traffic,plus,1200,0.032,0.2422943115234375
DUCK-F-AM4,traffic,variance,1200,0.105,0.2528419494628906
DUCK-F-AM4,traffic,weightsum,1200,0.039,0.2922554016113281
DUCK-F-AM4,traffic,boxcox0,200,0.028,0.2601776123046875
DUCK-F-AM4,traffic,devide,200,0.034,0.2779808044433594
DUCK-F-AM4,traffic,func1,200,0.033,0.2746238708496094
DUCK-F-AM4,traffic,L22,200,0.036,0.2822761535644531
DUCK-F-AM4,traffic,L2LN,200,0.098,0.285247802734375
DUCK-F-AM4,traffic,L2,200,0.083,0.2876853942871094
DUCK-F-AM4,traffic,max,200,0.072,0.287322998046875
DUCK-F-AM4,traffic,mean,200,0.055,0.2839813232421875
DUCK-F-AM4,traffic,minus,200,0.028,0.2765731811523437
DUCK-F-AM4,traffic,multi,200,0.026,0.2773056030273437
DUCK-F-AM4,traffic,plus,200,0.03,0.2710189819335937
DUCK-F-AM4,traffic,variance,200,0.11,0.2991294860839844
DUCK-F-AM4,traffic,weightsum,200,0.061,0.2874755859375
DUCK-F-AM4,traffic,boxcox0,400,0.043,0.2689437866210937
DUCK-F-AM4,traffic,devide,400,0.037,0.287994384765625
DUCK-F-AM4,traffic,func1,400,0.031,0.2842178344726562
DUCK-F-AM4,traffic,L22,400,0.035,0.2928810119628906
DUCK-F-AM4,traffic,L2LN,400,0.097,0.3026657104492187
DUCK-F-AM4,traffic,L2,400,0.071,0.3022651672363281
DUCK-F-AM4,traffic,max,400,0.075,0.3033523559570312
DUCK-F-AM4,traffic,mean,400,0.047,0.2995071411132812
DUCK-F-AM4,traffic,minus,400,0.028,0.2869415283203125
DUCK-F-AM4,traffic,multi,400,0.028,0.2871894836425781
DUCK-F-AM4,traffic,plus,400,0.037,0.2822113037109375
DUCK-F-AM4,traffic,variance,400,0.122,0.3130455017089844
DUCK-F-AM4,traffic,weightsum,400,0.045,0.3045501708984375
DUCK-F-AM4,traffic,boxcox0,600,0.028,0.2787666320800781
DUCK-F-AM4,traffic,devide,600,0.035,0.2985496520996094
DUCK-F-AM4,traffic,func1,600,0.034,0.2899322509765625
DUCK-F-AM4,traffic,L22,600,0.049,0.3011016845703125
DUCK-F-AM4,traffic,L2LN,600,0.098,4.009181976318359
DUCK-F-AM4,traffic,L2,600,0.071,0.3205947875976562
DUCK-F-AM4,traffic,max,600,0.056,0.3161773681640625
DUCK-F-AM4,traffic,mean,600,0.055,0.3151168823242187
DUCK-F-AM4,traffic,minus,600,0.042,0.2971916198730469
DUCK-F-AM4,traffic,multi,600,0.027,0.2989540100097656
DUCK-F-AM4,traffic,plus,600,0.029,0.2939605712890625
DUCK-F-AM4,traffic,variance,600,0.118,0.320404052734375
DUCK-F-AM4,traffic,weightsum,600,0.045,0.3214225769042969
DUCK-F-AM4,traffic,boxcox0,800,0.03,0.2883415222167969
DUCK-F-AM4,traffic,devide,800,0.028,0.3100318908691406
DUCK-F-AM4,traffic,func1,800,0.046,0.3025245666503906
DUCK-F-AM4,traffic,L22,800,0.056,0.3134231567382812
DUCK-F-AM4,traffic,L2LN,800,0.081,0.332763671875
DUCK-F-AM4,traffic,L2,800,0.078,0.3364830017089844
DUCK-F-AM4,traffic,max,800,0.064,0.3319664001464844
DUCK-F-AM4,traffic,mean,800,0.049,0.3294601440429687
DUCK-F-AM4,traffic,minus,800,0.03,0.3088531494140625
DUCK-F-AM4,traffic,multi,800,0.037,0.3097686767578125
DUCK-F-AM4,traffic,plus,800,0.025,0.3050041198730469
DUCK-F-AM4,traffic,variance,800,0.124,0.3458442687988281
DUCK-F-AM4,traffic,weightsum,800,0.059,0.3354606628417969
DUCK-F-AM4,synthetic128m,boxcox0,800,0.857,2.2931671142578125
DUCK-F-AM4,synthetic128m,devide,800,0.823,3.2870101928710938
DUCK-F-AM4,synthetic128m,func1,800,0.887,2.31801986694336
DUCK-F-AM4,synthetic128m,L22,800,1.026,7.159393310546875
DUCK-F-AM4,synthetic128m,L2LN,800,1.814,8.331245422363281
DUCK-F-AM4,synthetic128m,L2,800,1.341,4.9665374755859375
DUCK-F-AM4,synthetic128m,max,800,1.091,2.300933837890625
DUCK-F-AM4,synthetic128m,mean,800,0.952,3.95376968383789
DUCK-F-AM4,synthetic128m,minus,800,0.754,3.287178039550781
DUCK-F-AM4,synthetic128m,multi,800,0.763,3.287273406982422
DUCK-F-AM4,synthetic128m,plus,800,0.81,2.95428466796875
DUCK-F-AM4,synthetic128m,variance,800,1.797,4.294479370117188
DUCK-F-AM4,synthetic128m,weightsum,800,0.902,7.651908874511719
DUCK-F-AM4,synthetic16m,boxcox0,800,0.146,0.5421066284179688
DUCK-F-AM4,synthetic16m,devide,800,0.143,0.6164779663085938
DUCK-F-AM4,synthetic16m,func1,800,0.16,0.5343818664550781
DUCK-F-AM4,synthetic16m,L22,800,0.188,0.6787643432617188
DUCK-F-AM4,synthetic16m,L2LN,800,0.337,0.7474899291992188
DUCK-F-AM4,synthetic16m,L2,800,0.278,0.8024864196777344
DUCK-F-AM4,synthetic16m,max,800,0.198,0.7987823486328125
DUCK-F-AM4,synthetic16m,mean,800,0.175,0.7396621704101562
DUCK-F-AM4,synthetic16m,minus,800,0.145,0.61932373046875
DUCK-F-AM4,synthetic16m,multi,800,0.138,0.618408203125
DUCK-F-AM4,synthetic16m,plus,800,0.139,0.5938186645507812
DUCK-F-AM4,synthetic16m,variance,800,0.34,0.8072395324707031
DUCK-F-AM4,synthetic16m,weightsum,800,0.175,0.7925872802734375
DUCK-F-AM4,synthetic1b5v,boxcox0,800,6.569,12.011566162109377
DUCK-F-AM4,synthetic1b5v,devide,800,6.519,23.00244140625
DUCK-F-AM4,synthetic1b5v,func1,800,7.233,11.902442932128906
DUCK-F-AM4,synthetic1b5v,L22,800,8.51,26.936504364013672
DUCK-F-AM4,synthetic1b5v,L2LN,800,14.013,26.60626602172852
DUCK-F-AM4,synthetic1b5v,L2,800,11.593,31.06299591064453
DUCK-F-AM4,synthetic1b5v,max,800,8.754,29.478870391845703
DUCK-F-AM4,synthetic1b5v,mean,800,7.644,30.920875549316406
DUCK-F-AM4,synthetic1b5v,minus,800,6.628,25.355918884277344
DUCK-F-AM4,synthetic1b5v,multi,800,6.343,25.406982421875
DUCK-F-AM4,synthetic1b5v,plus,800,6.52,25.26576232910156
DUCK-F-AM4,synthetic1b5v,variance,800,13.989,31.663864135742188
DUCK-F-AM4,synthetic1b5v,weightsum,800,7.683,29.500511169433597
DUCK-F-AM4,synthetic1m,boxcox0,800,0.044,0.2968368530273437
DUCK-F-AM4,synthetic1m,devide,800,0.03,0.2973365783691406
DUCK-F-AM4,synthetic1m,func1,800,0.042,0.3054275512695312
DUCK-F-AM4,synthetic1m,L22,800,0.035,0.3023872375488281
DUCK-F-AM4,synthetic1m,L2LN,800,0.085,0.3143577575683594
DUCK-F-AM4,synthetic1m,L2,800,0.052,0.3120346069335937
DUCK-F-AM4,synthetic1m,max,800,0.041,0.3094711303710937
DUCK-F-AM4,synthetic1m,mean,800,0.043,0.3073997497558594
DUCK-F-AM4,synthetic1m,minus,800,0.027,0.3008880615234375
DUCK-F-AM4,synthetic1m,multi,800,0.041,0.2986412048339844
DUCK-F-AM4,synthetic1m,plus,800,0.041,0.2994461059570312
DUCK-F-AM4,synthetic1m,variance,800,0.072,0.3148918151855469
DUCK-F-AM4,synthetic1m,weightsum,800,0.042,0.31317138671875
DUCK-F-AM4,synthetic256m,boxcox0,800,1.358,12.692668914794922
DUCK-F-AM4,synthetic256m,devide,800,1.239,15.603630065917969
DUCK-F-AM4,synthetic256m,func1,800,1.5,8.617694854736328
DUCK-F-AM4,synthetic256m,L22,800,1.958,23.37814712524414
DUCK-F-AM4,synthetic256m,L2LN,800,3.115,28.942798614501957
DUCK-F-AM4,synthetic256m,L2,800,2.631,13.097457885742188
DUCK-F-AM4,synthetic256m,max,800,1.794,6.797924041748047
DUCK-F-AM4,synthetic256m,mean,800,1.564,19.987247467041016
DUCK-F-AM4,synthetic256m,minus,800,1.255,7.1724395751953125
DUCK-F-AM4,synthetic256m,multi,800,1.3,11.982616424560549
DUCK-F-AM4,synthetic256m,plus,800,1.213,4.772369384765625
DUCK-F-AM4,synthetic256m,variance,800,3.428,24.73605728149414
DUCK-F-AM4,synthetic256m,weightsum,800,1.572,17.824752807617188
DUCK-F-AM4,synthetic2m,boxcox0,800,0.058,0.3262367248535156
DUCK-F-AM4,synthetic2m,devide,800,0.048,0.3366165161132812
DUCK-F-AM4,synthetic2m,func1,800,0.047,0.3239936828613281
DUCK-F-AM4,synthetic2m,L22,800,0.049,0.3390541076660156
DUCK-F-AM4,synthetic2m,L2LN,800,0.083,0.3554496765136719
DUCK-F-AM4,synthetic2m,L2,800,0.065,0.3524208068847656
DUCK-F-AM4,synthetic2m,max,800,0.05,0.3476104736328125
DUCK-F-AM4,synthetic2m,mean,800,0.046,0.3475341796875
DUCK-F-AM4,synthetic2m,minus,800,0.04,0.3331146240234375
DUCK-F-AM4,synthetic2m,multi,800,0.039,0.334716796875
DUCK-F-AM4,synthetic2m,plus,800,0.044,0.3335342407226562
DUCK-F-AM4,synthetic2m,variance,800,0.083,0.3469772338867187
DUCK-F-AM4,synthetic2m,weightsum,800,0.044,0.3499641418457031
DUCK-F-AM4,synthetic32m,boxcox0,800,0.299,0.8275909423828125
DUCK-F-AM4,synthetic32m,devide,800,0.258,1.0553092956542969
DUCK-F-AM4,synthetic32m,func1,800,0.308,0.8190231323242188
DUCK-F-AM4,synthetic32m,L22,800,0.338,1.1858787536621094
DUCK-F-AM4,synthetic32m,L2LN,800,0.587,1.3247795104980469
DUCK-F-AM4,synthetic32m,L2,800,0.513,1.4583244323730469
DUCK-F-AM4,synthetic32m,max,800,0.374,1.4566268920898438
DUCK-F-AM4,synthetic32m,mean,800,0.339,1.3279190063476562
DUCK-F-AM4,synthetic32m,minus,800,0.254,1.054607391357422
DUCK-F-AM4,synthetic32m,multi,800,0.242,1.0536575317382812
DUCK-F-AM4,synthetic32m,plus,800,0.249,0.9772720336914062
DUCK-F-AM4,synthetic32m,variance,800,0.608,1.4631919860839844
DUCK-F-AM4,synthetic32m,weightsum,800,0.337,1.4595680236816406
DUCK-F-AM4,synthetic4m,boxcox0,800,0.06,0.3446159362792969
DUCK-F-AM4,synthetic4m,devide,800,0.055,0.3657112121582031
DUCK-F-AM4,synthetic4m,func1,800,0.066,0.3481483459472656
DUCK-F-AM4,synthetic4m,L22,800,0.069,0.3806419372558594
DUCK-F-AM4,synthetic4m,L2LN,800,0.122,0.4077949523925781
DUCK-F-AM4,synthetic4m,L2,800,0.098,0.4124259948730469
DUCK-F-AM4,synthetic4m,max,800,0.076,0.4081954956054687
DUCK-F-AM4,synthetic4m,mean,800,0.067,0.3989410400390625
DUCK-F-AM4,synthetic4m,minus,800,0.054,0.3700027465820312
DUCK-F-AM4,synthetic4m,multi,800,0.057,0.372528076171875
DUCK-F-AM4,synthetic4m,plus,800,0.057,0.3626022338867187
DUCK-F-AM4,synthetic4m,variance,800,0.124,0.4222335815429687
DUCK-F-AM4,synthetic4m,weightsum,800,0.076,0.4073677062988281
DUCK-F-AM4,synthetic512m5v,boxcox0,800,3.485,19.921226501464844
DUCK-F-AM4,synthetic512m5v,devide,800,1.974,37.32413482666016
DUCK-F-AM4,synthetic512m5v,func1,800,3.835,8.058544158935547
DUCK-F-AM4,synthetic512m5v,L22,800,4.308,13.10000228881836
DUCK-F-AM4,synthetic512m5v,L2LN,800,7.415,15.956794738769531
DUCK-F-AM4,synthetic512m5v,L2,800,2.999,45.815956115722656
DUCK-F-AM4,synthetic512m5v,max,800,2.278,27.790943145751957
DUCK-F-AM4,synthetic512m5v,mean,800,2.5,50.038360595703125
DUCK-F-AM4,synthetic512m5v,minus,800,2.096,15.312091827392578
DUCK-F-AM4,synthetic512m5v,multi,800,2.014,26.31447982788086
DUCK-F-AM4,synthetic512m5v,plus,800,3.331,30.215381622314453
DUCK-F-AM4,synthetic512m5v,variance,800,3.676,14.335803985595703
DUCK-F-AM4,synthetic512m5v,weightsum,800,4.183,15.914703369140623
DUCK-F-AM4,synthetic64m,boxcox0,800,0.492,1.2883186340332031
DUCK-F-AM4,synthetic64m,devide,800,0.483,1.7563018798828125
DUCK-F-AM4,synthetic64m,func1,800,0.54,1.3438186645507812
DUCK-F-AM4,synthetic64m,L22,800,0.596,1.9623374938964844
DUCK-F-AM4,synthetic64m,L2LN,800,1.185,2.171306610107422
DUCK-F-AM4,synthetic64m,L2,800,0.909,2.367149353027344
DUCK-F-AM4,synthetic64m,max,800,0.612,2.364269256591797
DUCK-F-AM4,synthetic64m,mean,800,0.62,2.162242889404297
DUCK-F-AM4,synthetic64m,minus,800,0.465,1.7543869018554688
DUCK-F-AM4,synthetic64m,multi,800,0.459,1.7525367736816406
DUCK-F-AM4,synthetic64m,plus,800,0.462,1.5965919494628906
DUCK-F-AM4,synthetic64m,variance,800,1.043,2.3702392578125
DUCK-F-AM4,synthetic64m,weightsum,800,0.597,2.370346069335937
DUCK-F-AM4,synthetic8m,boxcox0,800,0.09,0.3953437805175781
DUCK-F-AM4,synthetic8m,devide,800,0.084,0.444610595703125
DUCK-F-AM4,synthetic8m,func1,800,0.096,0.3992767333984375
DUCK-F-AM4,synthetic8m,L22,800,0.113,0.47802734375
DUCK-F-AM4,synthetic8m,L2LN,800,0.202,0.5194053649902344
DUCK-F-AM4,synthetic8m,L2,800,0.153,0.5506362915039062
DUCK-F-AM4,synthetic8m,max,800,0.125,0.5508193969726562
DUCK-F-AM4,synthetic8m,mean,800,0.103,0.5185317993164062
DUCK-F-AM4,synthetic8m,minus,800,0.086,0.4442481994628906
DUCK-F-AM4,synthetic8m,multi,800,0.087,0.4327125549316406
DUCK-F-AM4,synthetic8m,plus,800,0.083,0.4269905090332031
DUCK-F-AM4,synthetic8m,variance,800,0.201,0.55987548828125
DUCK-F-AM4,synthetic8m,weightsum,800,0.106,0.5525856018066406
DUCK-F-AM4,soccerdata,boxcox0,1000,0.081,0.5615882873535156
DUCK-F-AM4,soccerdata,devide,1000,0.076,0.7439384460449219
DUCK-F-AM4,soccerdata,func1,1000,0.083,0.4791450500488281
DUCK-F-AM4,soccerdata,L22,1000,0.098,1.2750015258789062
DUCK-F-AM4,soccerdata,L2LN,1000,0.203,1.5213241577148438
DUCK-F-AM4,soccerdata,L2,1000,0.14,1.3984870910644531
DUCK-F-AM4,soccerdata,max,1000,0.069,1.0388450622558594
DUCK-F-AM4,soccerdata,mean,1000,0.311,0.7098007202148438
DUCK-F-AM4,soccerdata,minus,1000,0.051,0.5754737854003906
DUCK-F-AM4,soccerdata,multi,1000,0.056,0.6899375915527344
DUCK-F-AM4,soccerdata,plus,1000,0.049,0.5158309936523438
DUCK-F-AM4,soccerdata,variance,1000,3.491,0.5795783996582031
DUCK-F-AM4,soccerdata,weightsum,1000,0.251,1.4102096557617188
DUCK-F-AM4,soccerdata,boxcox0,12000,0.086,0.6268882751464844
DUCK-F-AM4,soccerdata,devide,12000,0.089,1.0088233947753906
DUCK-F-AM4,soccerdata,func1,12000,0.112,0.4270477294921875
DUCK-F-AM4,soccerdata,L22,12000,0.105,1.2040367126464844
DUCK-F-AM4,soccerdata,L2LN,12000,0.179,1.572357177734375
DUCK-F-AM4,soccerdata,L2,12000,0.158,1.5447502136230469
DUCK-F-AM4,soccerdata,max,12000,0.08,1.5240097045898438
DUCK-F-AM4,soccerdata,mean,12000,0.282,1.153911590576172
DUCK-F-AM4,soccerdata,minus,12000,0.082,0.9079322814941406
DUCK-F-AM4,soccerdata,multi,12000,0.057,0.9713401794433594
DUCK-F-AM4,soccerdata,plus,12000,0.068,0.7987861633300781
DUCK-F-AM4,soccerdata,variance,12000,3.686,1.1442794799804688
DUCK-F-AM4,soccerdata,weightsum,12000,0.268,1.5385513305664062
DUCK-F-AM4,soccerdata,boxcox0,1200,0.076,0.3289680480957031
DUCK-F-AM4,soccerdata,devide,1200,0.083,0.4474143981933594
DUCK-F-AM4,soccerdata,func1,1200,0.085,0.2893562316894531
DUCK-F-AM4,soccerdata,L22,1200,0.088,0.4015274047851562
DUCK-F-AM4,soccerdata,L2LN,1200,0.187,0.5281295776367188
DUCK-F-AM4,soccerdata,L2,1200,0.151,0.5741119384765625
DUCK-F-AM4,soccerdata,max,1200,0.067,0.4501953125
DUCK-F-AM4,soccerdata,mean,1200,0.29,0.4006271362304687
DUCK-F-AM4,soccerdata,minus,1200,0.047,0.3285942077636719
DUCK-F-AM4,soccerdata,multi,1200,0.045,0.3872222900390625
DUCK-F-AM4,soccerdata,plus,1200,0.046,0.3860130310058594
DUCK-F-AM4,soccerdata,variance,1200,4.635,0.5080184936523438
DUCK-F-AM4,soccerdata,weightsum,1200,0.249,0.70001220703125
DUCK-F-AM4,soccerdata,boxcox0,200,0.079,0.5140304565429688
DUCK-F-AM4,soccerdata,devide,200,0.076,0.5084342956542969
DUCK-F-AM4,soccerdata,func1,200,0.079,0.4723472595214844
DUCK-F-AM4,soccerdata,L22,200,0.092,1.3386688232421875
DUCK-F-AM4,soccerdata,L2LN,200,0.193,1.3422393798828125
DUCK-F-AM4,soccerdata,L2,200,0.125,1.2770500183105469
DUCK-F-AM4,soccerdata,max,200,0.067,0.808746337890625
DUCK-F-AM4,soccerdata,mean,200,0.32,0.5810623168945312
DUCK-F-AM4,soccerdata,minus,200,0.045,0.3426742553710937
DUCK-F-AM4,soccerdata,multi,200,0.064,0.455352783203125
DUCK-F-AM4,soccerdata,plus,200,0.048,0.4959716796875
DUCK-F-AM4,soccerdata,variance,200,4.905,0.6911087036132812
DUCK-F-AM4,soccerdata,weightsum,200,0.232,1.399333953857422
DUCK-F-AM4,soccerdata,boxcox0,400,0.089,0.5549888610839844
DUCK-F-AM4,soccerdata,devide,400,0.088,0.5673370361328125
DUCK-F-AM4,soccerdata,func1,400,0.085,0.5087852478027344
DUCK-F-AM4,soccerdata,L22,400,0.092,1.3983001708984375
DUCK-F-AM4,soccerdata,L2LN,400,0.182,1.4620094299316406
DUCK-F-AM4,soccerdata,L2,400,0.136,1.4002532958984375
DUCK-F-AM4,soccerdata,max,400,0.088,0.924152374267578
DUCK-F-AM4,soccerdata,mean,400,0.307,0.709075927734375
DUCK-F-AM4,soccerdata,minus,400,0.056,0.3996162414550781
DUCK-F-AM4,soccerdata,multi,400,0.051,0.5129470825195312
DUCK-F-AM4,soccerdata,plus,400,0.049,0.5536422729492188
DUCK-F-AM4,soccerdata,variance,400,4.064,0.819091796875
DUCK-F-AM4,soccerdata,weightsum,400,0.217,1.526519775390625
DUCK-F-AM4,soccerdata,boxcox0,600,0.083,0.4770584106445312
DUCK-F-AM4,soccerdata,devide,600,0.085,0.6256294250488281
DUCK-F-AM4,soccerdata,func1,600,0.087,0.5509719848632812
DUCK-F-AM4,soccerdata,L22,600,0.096,1.4505081176757812
DUCK-F-AM4,soccerdata,L2LN,600,0.184,4.018398284912109
DUCK-F-AM4,soccerdata,L2,600,0.131,1.5205345153808594
DUCK-F-AM4,soccerdata,max,600,0.063,0.923442840576172
DUCK-F-AM4,soccerdata,mean,600,0.306,0.8300971984863281
DUCK-F-AM4,soccerdata,minus,600,0.054,0.4576911926269531
DUCK-F-AM4,soccerdata,multi,600,0.053,0.5723876953125
DUCK-F-AM4,soccerdata,plus,600,0.048,0.6113471984863281
DUCK-F-AM4,soccerdata,variance,600,5.536,0.5859832763671875
DUCK-F-AM4,soccerdata,weightsum,600,0.233,1.6481399536132812
DUCK-F-AM4,soccerdata,boxcox0,800,0.079,0.5189743041992188
DUCK-F-AM4,soccerdata,devide,800,0.08,0.6851615905761719
DUCK-F-AM4,soccerdata,func1,800,0.079,0.4535789489746094
DUCK-F-AM4,soccerdata,L22,800,0.104,1.5107040405273438
DUCK-F-AM4,soccerdata,L2LN,800,0.182,1.4030914306640625
DUCK-F-AM4,soccerdata,L2,800,0.129,1.3970680236816406
DUCK-F-AM4,soccerdata,max,800,0.052,0.9233131408691406
DUCK-F-AM4,soccerdata,mean,800,0.289,0.592193603515625
DUCK-F-AM4,soccerdata,minus,800,0.052,0.5168838500976562
DUCK-F-AM4,soccerdata,multi,800,0.051,0.6298866271972656
DUCK-F-AM4,soccerdata,plus,800,0.049,0.6693038940429688
DUCK-F-AM4,soccerdata,variance,800,3.53,0.5820808410644531
DUCK-F-AM4,soccerdata,weightsum,800,0.239,1.409809112548828
DUCK-F-AM4,sensordata,boxcox0,1000,0.295,0.6727943420410156
DUCK-F-AM4,sensordata,devide,1000,0.264,1.2140274047851562
DUCK-F-AM4,sensordata,func1,1000,0.295,0.5357131958007812
DUCK-F-AM4,sensordata,L22,1000,0.358,1.793437957763672
DUCK-F-AM4,sensordata,L2LN,1000,0.64,2.065010070800781
DUCK-F-AM4,sensordata,L2,1000,0.544,1.8637237548828125
DUCK-F-AM4,sensordata,max,1000,0.166,1.4689559936523438
DUCK-F-AM4,sensordata,mean,1000,1.356,0.7291412353515625
DUCK-F-AM4,sensordata,minus,1000,0.165,0.6096382141113281
DUCK-F-AM4,sensordata,multi,1000,0.176,0.6128578186035156
DUCK-F-AM4,sensordata,plus,1000,0.136,0.4596939086914062
DUCK-F-AM4,sensordata,variance,1000,15.383,0.7406120300292969
DUCK-F-AM4,sensordata,weightsum,1000,0.909,1.8750114440917969
DUCK-F-AM4,sensordata,boxcox0,12000,0.26,1.108379364013672
DUCK-F-AM4,sensordata,devide,12000,0.273,1.5772743225097656
DUCK-F-AM4,sensordata,func1,12000,0.315,0.9161605834960938
DUCK-F-AM4,sensordata,L22,12000,0.366,1.888214111328125
DUCK-F-AM4,sensordata,L2LN,12000,0.709,1.91497802734375
DUCK-F-AM4,sensordata,L2,12000,0.638,2.112720489501953
DUCK-F-AM4,sensordata,max,12000,0.185,1.9357566833496092
DUCK-F-AM4,sensordata,mean,12000,1.156,1.7977943420410156
DUCK-F-AM4,sensordata,minus,12000,0.168,1.417827606201172
DUCK-F-AM4,sensordata,multi,12000,0.155,1.0905685424804688
DUCK-F-AM4,sensordata,plus,12000,0.174,0.8543128967285156
DUCK-F-AM4,sensordata,variance,12000,15.098,1.528045654296875
DUCK-F-AM4,sensordata,weightsum,12000,1.047,1.9479942321777344
DUCK-F-AM4,sensordata,boxcox0,1200,0.294,0.3987503051757812
DUCK-F-AM4,sensordata,devide,1200,0.269,0.5983161926269531
DUCK-F-AM4,sensordata,func1,1200,0.326,0.2681007385253906
DUCK-F-AM4,sensordata,L22,1200,0.3,1.0719032287597656
DUCK-F-AM4,sensordata,L2LN,1200,0.621,1.2641677856445312
DUCK-F-AM4,sensordata,L2,1200,0.475,0.7200279235839844
DUCK-F-AM4,sensordata,max,1200,0.166,0.5291366577148438
DUCK-F-AM4,sensordata,mean,1200,1.471,0.5023956298828125
DUCK-F-AM4,sensordata,minus,1200,0.14,0.4459190368652344
DUCK-F-AM4,sensordata,multi,1200,0.14,0.4502754211425781
DUCK-F-AM4,sensordata,plus,1200,0.15,0.5526275634765625
DUCK-F-AM4,sensordata,variance,1200,16.048,0.3527488708496094
DUCK-F-AM4,sensordata,weightsum,1200,0.873,0.9183464050292968
DUCK-F-AM4,sensordata,boxcox0,200,0.276,0.5366363525390625
DUCK-F-AM4,sensordata,devide,200,0.273,0.6126594543457031
DUCK-F-AM4,sensordata,func1,200,0.31,0.2659873962402344
DUCK-F-AM4,sensordata,L22,200,0.323,1.8169174194335935
DUCK-F-AM4,sensordata,L2LN,200,0.802,1.838321685791016
DUCK-F-AM4,sensordata,L2,200,0.518,1.8482513427734373
DUCK-F-AM4,sensordata,max,200,0.175,1.1023521423339844
DUCK-F-AM4,sensordata,mean,200,1.33,0.6793861389160156
DUCK-F-AM4,sensordata,minus,200,0.147,0.4594345092773437
DUCK-F-AM4,sensordata,multi,200,0.148,0.4632453918457031
DUCK-F-AM4,sensordata,plus,200,0.148,0.4353523254394531
DUCK-F-AM4,sensordata,variance,200,15.866,0.7252120971679688
DUCK-F-AM4,sensordata,weightsum,200,0.955,1.86993408203125
DUCK-F-AM4,sensordata,boxcox0,400,0.274,0.6699943542480469
DUCK-F-AM4,sensordata,devide,400,0.265,0.7612953186035156
DUCK-F-AM4,sensordata,func1,400,0.28,0.3973007202148437
DUCK-F-AM4,sensordata,L22,400,0.298,1.9738540649414065
DUCK-F-AM4,sensordata,L2LN,400,0.7,2.022773742675781
DUCK-F-AM4,sensordata,L2,400,0.525,1.8499908447265625
DUCK-F-AM4,sensordata,max,400,0.178,1.2835922241210938
DUCK-F-AM4,sensordata,mean,400,1.384,0.8657150268554688
DUCK-F-AM4,sensordata,minus,400,0.148,0.6079673767089844
DUCK-F-AM4,sensordata,multi,400,0.156,0.611480712890625
DUCK-F-AM4,sensordata,plus,400,0.144,0.583984375
DUCK-F-AM4,sensordata,variance,400,14.991,0.3756866455078125
DUCK-F-AM4,sensordata,weightsum,400,0.93,2.0603599548339844
DUCK-F-AM4,sensordata,boxcox0,600,0.283,0.4166526794433594
DUCK-F-AM4,sensordata,devide,600,0.28,0.9118385314941406
DUCK-F-AM4,sensordata,func1,600,0.316,0.52984619140625
DUCK-F-AM4,sensordata,L22,600,0.295,2.121166229248047
DUCK-F-AM4,sensordata,L2LN,600,0.753,4.166385650634766
DUCK-F-AM4,sensordata,L2,600,0.493,2.0412673950195312
DUCK-F-AM4,sensordata,max,600,0.175,1.2847747802734375
DUCK-F-AM4,sensordata,mean,600,1.383,1.0527687072753906
DUCK-F-AM4,sensordata,minus,600,0.132,0.7559814453125
DUCK-F-AM4,sensordata,multi,600,0.14,0.3145256042480469
DUCK-F-AM4,sensordata,plus,600,0.148,0.7336997985839844
DUCK-F-AM4,sensordata,variance,600,15.142,0.5664558410644531
DUCK-F-AM4,sensordata,weightsum,600,0.869,2.246253967285156
DUCK-F-AM4,sensordata,boxcox0,800,0.283,0.5434455871582031
DUCK-F-AM4,sensordata,devide,800,0.29,1.06207275390625
DUCK-F-AM4,sensordata,func1,800,0.297,0.4025192260742187
DUCK-F-AM4,sensordata,L22,800,0.313,2.2739715576171875
DUCK-F-AM4,sensordata,L2LN,800,0.663,1.880577087402344
DUCK-F-AM4,sensordata,L2,800,0.539,2.232666015625
DUCK-F-AM4,sensordata,max,800,0.174,1.2848281860351562
DUCK-F-AM4,sensordata,mean,800,1.324,1.2432022094726562
DUCK-F-AM4,sensordata,minus,800,0.159,0.4615325927734375
DUCK-F-AM4,sensordata,multi,800,0.135,0.4642219543457031
DUCK-F-AM4,sensordata,plus,800,0.149,0.8844337463378906
DUCK-F-AM4,sensordata,variance,800,15.236,0.5466690063476562
DUCK-F-AM4,sensordata,weightsum,800,0.938,1.8743743896484373
DUCK-F-AM4,nycdata,boxcox0,1000,0.07,1.5522918701171875
DUCK-F-AM4,nycdata,devide,1000,0.062,0.3672065734863281
DUCK-F-AM4,nycdata,func1,1000,0.065,1.6055831909179688
DUCK-F-AM4,nycdata,L22,1000,0.069,0.4550056457519531
DUCK-F-AM4,nycdata,L2LN,1000,0.196,0.490447998046875
DUCK-F-AM4,nycdata,L2,1000,0.157,0.4470443725585937
DUCK-F-AM4,nycdata,max,1000,0.054,0.4010772705078125
DUCK-F-AM4,nycdata,mean,1000,0.768,0.3438606262207031
DUCK-F-AM4,nycdata,minus,1000,0.047,1.5587997436523438
DUCK-F-AM4,nycdata,multi,1000,0.038,0.2766647338867187
DUCK-F-AM4,nycdata,plus,1000,0.037,1.5582199096679688
DUCK-F-AM4,nycdata,variance,1000,2.847,0.3461875915527344
DUCK-F-AM4,nycdata,weightsum,1000,0.265,0.5042839050292969
DUCK-F-AM4,nycdata,boxcox0,12000,0.075,6.313785552978516
DUCK-F-AM4,nycdata,devide,12000,0.077,11.449264526367188
DUCK-F-AM4,nycdata,func1,12000,0.1,0.2497901916503906
DUCK-F-AM4,nycdata,L22,12000,0.083,13.626964569091797
DUCK-F-AM4,nycdata,L2LN,12000,0.151,5.913967132568359
DUCK-F-AM4,nycdata,L2,12000,0.155,9.057525634765623
DUCK-F-AM4,nycdata,max,12000,0.069,9.113410949707031
DUCK-F-AM4,nycdata,mean,12000,0.305,7.951297760009766
DUCK-F-AM4,nycdata,minus,12000,0.053,7.711112976074219
DUCK-F-AM4,nycdata,multi,12000,0.038,11.438350677490234
DUCK-F-AM4,nycdata,plus,12000,0.058,6.413131713867188
DUCK-F-AM4,nycdata,variance,12000,3.173,8.957317352294922
DUCK-F-AM4,nycdata,weightsum,12000,0.292,9.025672912597656
DUCK-F-AM4,nycdata,boxcox0,1200,0.062,0.2327766418457031
DUCK-F-AM4,nycdata,devide,1200,0.064,0.2622222900390625
DUCK-F-AM4,nycdata,func1,1200,0.053,0.2165794372558593
DUCK-F-AM4,nycdata,L22,1200,0.073,0.3251609802246094
DUCK-F-AM4,nycdata,L2LN,1200,0.179,0.3810920715332031
DUCK-F-AM4,nycdata,L2,1200,0.146,0.3679351806640625
DUCK-F-AM4,nycdata,max,1200,0.058,0.3194122314453125
DUCK-F-AM4,nycdata,mean,1200,0.323,0.3075904846191406
DUCK-F-AM4,nycdata,minus,1200,0.037,0.2636451721191406
DUCK-F-AM4,nycdata,multi,1200,0.037,0.2931404113769531
DUCK-F-AM4,nycdata,plus,1200,0.039,0.2592926025390625
DUCK-F-AM4,nycdata,variance,1200,3.352,0.2835464477539062
DUCK-F-AM4,nycdata,weightsum,1200,0.277,0.3056106567382812
DUCK-F-AM4,nycdata,boxcox0,200,0.088,1.54925537109375
DUCK-F-AM4,nycdata,devide,200,0.058,0.3347740173339844
DUCK-F-AM4,nycdata,func1,200,0.061,1.897979736328125
DUCK-F-AM4,nycdata,L22,200,0.067,0.4373664855957031
DUCK-F-AM4,nycdata,L2LN,200,0.19,0.4837226867675781
DUCK-F-AM4,nycdata,L2,200,0.148,0.41070556640625
DUCK-F-AM4,nycdata,max,200,0.054,0.3689842224121094
DUCK-F-AM4,nycdata,mean,200,0.395,0.3337287902832031
DUCK-F-AM4,nycdata,minus,200,0.046,1.5566787719726562
DUCK-F-AM4,nycdata,multi,200,0.038,1.5570182800292969
DUCK-F-AM4,nycdata,plus,200,0.043,1.5524368286132812
DUCK-F-AM4,nycdata,variance,200,3.974,0.3369903564453125
DUCK-F-AM4,nycdata,weightsum,200,0.369,0.4571914672851562
DUCK-F-AM4,nycdata,boxcox0,400,0.065,1.5786094665527344
DUCK-F-AM4,nycdata,devide,400,0.067,0.3661918640136719
DUCK-F-AM4,nycdata,func1,400,0.062,1.9245643615722656
DUCK-F-AM4,nycdata,L22,400,0.071,0.4661140441894531
DUCK-F-AM4,nycdata,L2LN,400,0.191,0.5195388793945312
DUCK-F-AM4,nycdata,L2,400,0.145,0.4508895874023437
DUCK-F-AM4,nycdata,max,400,0.06,0.406951904296875
DUCK-F-AM4,nycdata,mean,400,0.463,0.3678817749023437
DUCK-F-AM4,nycdata,minus,400,0.04,1.5860710144042969
DUCK-F-AM4,nycdata,multi,400,0.036,1.5880584716796875
DUCK-F-AM4,nycdata,plus,400,0.042,1.5827789306640625
DUCK-F-AM4,nycdata,variance,400,3.151,0.3949737548828125
DUCK-F-AM4,nycdata,weightsum,400,0.267,0.500518798828125
DUCK-F-AM4,nycdata,boxcox0,600,0.065,1.6049079895019531
DUCK-F-AM4,nycdata,devide,600,0.066,0.3086814880371094
DUCK-F-AM4,nycdata,func1,600,0.063,1.5519943237304688
DUCK-F-AM4,nycdata,L22,600,0.067,0.4883537292480469
DUCK-F-AM4,nycdata,L2LN,600,0.212,14.596885681152344
DUCK-F-AM4,nycdata,L2,600,0.144,0.4815254211425781
DUCK-F-AM4,nycdata,max,600,0.056,0.4044685363769531
DUCK-F-AM4,nycdata,mean,600,0.334,0.4196739196777344
DUCK-F-AM4,nycdata,minus,600,0.039,1.615997314453125
DUCK-F-AM4,nycdata,multi,600,0.036,1.6195297241210938
DUCK-F-AM4,nycdata,plus,600,0.04,1.612751007080078
DUCK-F-AM4,nycdata,variance,600,3.065,0.4204940795898437
DUCK-F-AM4,nycdata,weightsum,600,0.261,0.5433578491210938
DUCK-F-AM4,nycdata,boxcox0,800,0.071,1.6296272277832031
DUCK-F-AM4,nycdata,devide,800,0.062,0.3370132446289062
DUCK-F-AM4,nycdata,func1,800,0.063,1.579364776611328
DUCK-F-AM4,nycdata,L22,800,0.071,0.5192337036132812
DUCK-F-AM4,nycdata,L2LN,800,0.184,0.5961990356445312
DUCK-F-AM4,nycdata,L2,800,0.142,0.4454002380371094
DUCK-F-AM4,nycdata,max,800,0.056,0.4044189453125
DUCK-F-AM4,nycdata,mean,800,0.409,0.4639968872070312
DUCK-F-AM4,nycdata,minus,800,0.039,1.6466293334960938
DUCK-F-AM4,nycdata,multi,800,0.044,0.2492599487304687
DUCK-F-AM4,nycdata,plus,800,0.041,1.6422233581542969
DUCK-F-AM4,nycdata,variance,800,3.51,0.4603767395019531
DUCK-F-AM4,nycdata,weightsum,800,0.468,0.45050048828125
DUCK-F-AM4,stockdata,boxcox0,1000,0.03,1.1738128662109375
DUCK-F-AM4,stockdata,devide,1000,0.029,0.2882919311523437
DUCK-F-AM4,stockdata,func1,1000,0.034,1.1935081481933594
DUCK-F-AM4,stockdata,L22,1000,0.031,0.3206863403320312
DUCK-F-AM4,stockdata,L2LN,1000,0.121,0.3765716552734375
DUCK-F-AM4,stockdata,L2,1000,0.087,0.3884124755859375
DUCK-F-AM4,stockdata,max,1000,0.067,0.3834419250488281
DUCK-F-AM4,stockdata,mean,1000,0.082,0.3813133239746094
DUCK-F-AM4,stockdata,minus,1000,0.043,1.1801910400390625
DUCK-F-AM4,stockdata,multi,1000,0.029,0.2542228698730469
DUCK-F-AM4,stockdata,plus,1000,0.046,1.1823959350585938
DUCK-F-AM4,stockdata,variance,1000,0.139,0.3967933654785156
DUCK-F-AM4,stockdata,weightsum,1000,0.067,0.3919181823730469
DUCK-F-AM4,stockdata,boxcox0,12000,0.058,0.6371002197265625
DUCK-F-AM4,stockdata,devide,12000,0.05,0.8978767395019531
DUCK-F-AM4,stockdata,func1,12000,0.059,0.3196296691894531
DUCK-F-AM4,stockdata,L22,12000,0.053,1.1954078674316406
DUCK-F-AM4,stockdata,L2LN,12000,0.086,1.1058883666992188
DUCK-F-AM4,stockdata,L2,12000,0.095,1.2197265625
DUCK-F-AM4,stockdata,max,12000,0.088,1.30780029296875
DUCK-F-AM4,stockdata,mean,12000,0.114,1.0444488525390625
DUCK-F-AM4,stockdata,minus,12000,0.053,0.6359291076660156
DUCK-F-AM4,stockdata,multi,12000,0.05,0.7078094482421875
DUCK-F-AM4,stockdata,plus,12000,0.06,0.5315704345703125
DUCK-F-AM4,stockdata,variance,12000,0.114,1.0423126220703125
DUCK-F-AM4,stockdata,weightsum,12000,0.071,1.190349578857422
DUCK-F-AM4,stockdata,boxcox0,1200,0.034,0.231719970703125
DUCK-F-AM4,stockdata,devide,1200,0.036,0.2477073669433593
DUCK-F-AM4,stockdata,func1,1200,0.038,0.5191879272460938
DUCK-F-AM4,stockdata,L22,1200,0.037,0.2503128051757812
DUCK-F-AM4,stockdata,L2LN,1200,0.078,0.2798271179199219
DUCK-F-AM4,stockdata,L2,1200,0.077,0.2908554077148437
DUCK-F-AM4,stockdata,max,1200,0.053,0.2646865844726562
DUCK-F-AM4,stockdata,mean,1200,0.078,0.2744636535644531
DUCK-F-AM4,stockdata,minus,1200,0.028,0.2504196166992187
DUCK-F-AM4,stockdata,multi,1200,0.029,0.2367172241210937
DUCK-F-AM4,stockdata,plus,1200,0.026,0.2420730590820312
DUCK-F-AM4,stockdata,variance,1200,0.102,0.2636337280273437
DUCK-F-AM4,stockdata,weightsum,1200,0.07,0.2528877258300781
DUCK-F-AM4,stockdata,boxcox0,200,0.029,1.1722183227539062
DUCK-F-AM4,stockdata,devide,200,0.045,0.2771415710449219
DUCK-F-AM4,stockdata,func1,200,0.029,1.3993682861328125
DUCK-F-AM4,stockdata,L22,200,0.048,0.2769813537597656
DUCK-F-AM4,stockdata,L2LN,200,0.081,0.2838058471679687
DUCK-F-AM4,stockdata,L2,200,0.089,0.2926101684570312
DUCK-F-AM4,stockdata,max,200,0.061,0.2897186279296875
DUCK-F-AM4,stockdata,mean,200,0.066,0.2822914123535156
DUCK-F-AM4,stockdata,minus,200,0.031,1.178466796875
DUCK-F-AM4,stockdata,multi,200,0.041,1.178985595703125
DUCK-F-AM4,stockdata,plus,200,0.028,1.1751022338867188
DUCK-F-AM4,stockdata,variance,200,0.109,0.3033218383789062
DUCK-F-AM4,stockdata,weightsum,200,0.087,0.2925033569335937
DUCK-F-AM4,stockdata,boxcox0,400,0.046,1.182109832763672
DUCK-F-AM4,stockdata,devide,400,0.046,0.2892112731933594
DUCK-F-AM4,stockdata,func1,400,0.031,1.4091835021972656
DUCK-F-AM4,stockdata,L22,400,0.064,0.2869148254394531
DUCK-F-AM4,stockdata,L2LN,400,0.11,0.3080558776855469
DUCK-F-AM4,stockdata,L2,400,0.092,0.3168258666992187
DUCK-F-AM4,stockdata,max,400,0.062,0.3121719360351562
DUCK-F-AM4,stockdata,mean,400,0.074,0.3077049255371094
DUCK-F-AM4,stockdata,minus,400,0.044,1.190654754638672
DUCK-F-AM4,stockdata,multi,400,0.056,1.1902389526367188
DUCK-F-AM4,stockdata,plus,400,0.026,1.1874465942382812
DUCK-F-AM4,stockdata,variance,400,0.115,0.3260650634765625
DUCK-F-AM4,stockdata,weightsum,400,0.093,0.3168563842773437
DUCK-F-AM4,stockdata,boxcox0,600,0.046,1.1924934387207031
DUCK-F-AM4,stockdata,devide,600,0.043,0.2658271789550781
DUCK-F-AM4,stockdata,func1,600,0.032,1.1730995178222656
DUCK-F-AM4,stockdata,L22,600,0.058,0.2974205017089844
DUCK-F-AM4,stockdata,L2LN,600,0.093,4.182273864746094
DUCK-F-AM4,stockdata,L2,600,0.09,0.3405532836914062
DUCK-F-AM4,stockdata,max,600,0.053,0.3356895446777344
DUCK-F-AM4,stockdata,mean,600,0.063,0.3334274291992187
DUCK-F-AM4,stockdata,minus,600,0.026,1.2036170959472656
DUCK-F-AM4,stockdata,multi,600,0.045,1.203754425048828
DUCK-F-AM4,stockdata,plus,600,0.024,1.2007980346679688
DUCK-F-AM4,stockdata,variance,600,0.118,0.3488883972167969
DUCK-F-AM4,stockdata,weightsum,600,0.088,0.34228515625
DUCK-F-AM4,stockdata,boxcox0,800,0.045,1.2021026611328125
DUCK-F-AM4,stockdata,devide,800,0.046,0.2775688171386719
DUCK-F-AM4,stockdata,func1,800,0.033,1.1816253662109375
DUCK-F-AM4,stockdata,L22,800,0.048,0.30999755859375
DUCK-F-AM4,stockdata,L2LN,800,0.115,0.3559646606445312
DUCK-F-AM4,stockdata,L2,800,0.095,0.3629074096679687
DUCK-F-AM4,stockdata,max,800,0.052,0.3601570129394531
DUCK-F-AM4,stockdata,mean,800,0.063,0.3583145141601562
DUCK-F-AM4,stockdata,minus,800,0.032,1.2151756286621094
DUCK-F-AM4,stockdata,multi,800,0.029,0.26934814453125
DUCK-F-AM4,stockdata,plus,800,0.044,1.2127799987792969
DUCK-F-AM4,stockdata,variance,800,0.115,0.3648262023925781
DUCK-F-AM4,stockdata,weightsum,800,0.087,0.3653335571289062
