experiment,table,function,errorbound,width,time,sqltime,ssim,memory(GB)
OM3,nycdata,boxcox0,0,1000,0.169,0.09,1.0,5.3992919921875
OM3,nycdata,boxcox0,0,1200,0.478,0.38,1.0,0.3955726623535156
OM3,nycdata,boxcox0,0,200,0.041,0.022,1.0,5.3818817138671875
OM3,nycdata,boxcox0,0,400,0.068,0.036,1.0,5.389911651611328
OM3,nycdata,boxcox0,0,600,0.103,0.052,1.0,0.28015899658203125
OM3,nycdata,boxcox0,0,800,0.136,0.072,1.0,5.390468597412109
OM3,nycdata,devide,0,1000,0.217,0.096,0.9524,0.3976325988769531
OM3,nycdata,devide,0,1200,0.306,0.108,0.9526,0.3662223815917969
OM3,nycdata,devide,0,200,0.04,0.021,0.9587,0.36478424072265625
OM3,nycdata,devide,0,400,0.092,0.043,0.9555,0.3726921081542969
OM3,nycdata,devide,0,600,0.134,0.06,0.9539,0.3146095275878906
OM3,nycdata,devide,0,800,0.209,0.089,0.9533,0.3960075378417969
OM3,nycdata,func1,0,1000,0.172,0.092,1.0,5.365814208984375
OM3,nycdata,func1,0,1200,0.174,0.093,1.0,5.374271392822266
OM3,nycdata,func1,0,200,0.034,0.026,1.0,5.3484039306640625
OM3,nycdata,func1,0,400,0.055,0.038,1.0,5.356433868408203
OM3,nycdata,func1,0,600,0.102,0.057,1.0,0.272003173828125
OM3,nycdata,func1,0,800,0.128,0.064,1.0,5.356990814208984
OM3,nycdata,L2,0,1000,0.539,0.111,0.9635,0.5085411071777344
OM3,nycdata,L2,0,1200,0.618,0.135,0.9622,0.5106010437011719
OM3,nycdata,L2,0,200,0.175,0.034,0.9655,0.5038337707519531
OM3,nycdata,L2,0,400,0.318,0.069,0.9643,0.5042686462402344
OM3,nycdata,L2,0,600,0.435,0.103,0.9646,0.4301605224609375
OM3,nycdata,L2,0,800,0.532,0.112,0.9647,0.5070533752441406
OM3,nycdata,L22,0,1000,0.31,0.1,0.972,0.4009284973144531
OM3,nycdata,L22,0,1200,0.238,0.1,0.9729,0.35364532470703125
OM3,nycdata,L22,0,200,0.029,0.015,0.9653,0.595947265625
OM3,nycdata,L22,0,400,0.063,0.038,0.969,0.595947265625
OM3,nycdata,L22,0,600,0.115,0.056,0.9717,0.4390296936035156
OM3,nycdata,L22,0,800,0.168,0.079,0.9719,0.5978736877441406
OM3,nycdata,L2LN,0,1000,0.749,0.128,0.8902,0.5062255859375
OM3,nycdata,L2LN,0,1200,0.851,0.144,0.879,0.5075645446777344
OM3,nycdata,L2LN,0,200,0.206,0.036,0.9278,0.4380073547363281
OM3,nycdata,L2LN,0,400,0.329,0.074,0.9253,0.509002685546875
OM3,nycdata,L2LN,0,600,0.482,0.104,0.9211,0.40717315673828125
OM3,nycdata,L2LN,0,800,0.579,0.114,0.9061,0.494964599609375
OM3,nycdata,max,0,1000,0.763,0.128,0.999,0.5044479370117188
OM3,nycdata,max,0,1200,0.844,0.14,0.9988,0.502960205078125
OM3,nycdata,max,0,200,0.174,0.036,0.9992,0.5038337707519531
OM3,nycdata,max,0,400,0.307,0.068,0.9992,0.5042686462402344
OM3,nycdata,max,0,600,0.439,0.101,0.9992,0.4301605224609375
OM3,nycdata,max,0,800,0.578,0.11,0.9992,0.49121856689453125
OM3,nycdata,mean,0,1000,0.81,0.143,0.9387,0.46662139892578125
OM3,nycdata,mean,0,1200,0.919,0.141,0.9345,0.4960899353027344
OM3,nycdata,mean,0,200,0.218,0.037,0.9458,0.4335212707519531
OM3,nycdata,mean,0,400,0.327,0.073,0.9442,0.4964866638183594
OM3,nycdata,mean,0,600,0.474,0.102,0.9446,0.3601570129394531
OM3,nycdata,mean,0,800,0.612,0.114,0.943,0.4910469055175781
OM3,nycdata,minus,0,1000,0.221,0.099,0.9331,0.3843727111816406
OM3,nycdata,minus,0,1200,0.241,0.1,0.9328,0.39591217041015625
OM3,nycdata,minus,0,200,0.04,0.02,0.9354,0.3809700012207031
OM3,nycdata,minus,0,400,0.088,0.041,0.9342,0.38121795654296875
OM3,nycdata,minus,0,600,0.155,0.062,0.9354,0.3049278259277344
OM3,nycdata,minus,0,800,0.188,0.081,0.9343,0.3666801452636719
OM3,nycdata,multi,0,1000,0.214,0.095,0.9586,0.3984336853027344
OM3,nycdata,multi,0,1200,0.217,0.105,0.9588,0.3652839660644531
OM3,nycdata,multi,0,200,0.041,0.02,0.9554,0.39591217041015625
OM3,nycdata,multi,0,400,0.084,0.044,0.9531,0.3961296081542969
OM3,nycdata,multi,0,600,0.127,0.06,0.957,0.3067588806152344
OM3,nycdata,multi,0,800,0.196,0.084,0.9568,0.3968086242675781
OM3,nycdata,plus,0,1000,0.251,0.099,0.9582,0.382598876953125
OM3,nycdata,plus,0,1200,0.25,0.102,0.9582,0.3809700012207031
OM3,nycdata,plus,0,200,0.056,0.027,0.9568,0.3953971862792969
OM3,nycdata,plus,0,400,0.115,0.046,0.9566,0.3557319641113281
OM3,nycdata,plus,0,600,0.174,0.064,0.9579,0.2895698547363281
OM3,nycdata,plus,0,800,0.235,0.086,0.9573,0.38071441650390625
OM3,nycdata,variance,0,1000,0.772,0.128,0.9793,0.5095672607421875
OM3,nycdata,variance,0,1200,0.858,0.142,0.9792,0.5108566284179688
OM3,nycdata,variance,0,200,0.184,0.033,0.977,0.5038261413574219
OM3,nycdata,variance,0,400,0.345,0.071,0.9774,0.4653282165527344
OM3,nycdata,variance,0,600,0.45,0.101,0.9778,0.415496826171875
OM3,nycdata,variance,0,800,0.57,0.114,0.979,0.4985923767089844
OM3,nycdata,weightsum,0,1000,0.534,0.112,0.9666,0.51580810546875
OM3,nycdata,weightsum,0,1200,0.652,0.127,0.9654,0.595947265625
OM3,nycdata,weightsum,0,200,0.116,0.026,0.967,0.5038337707519531
OM3,nycdata,weightsum,0,400,0.224,0.066,0.9657,0.5042991638183594
OM3,nycdata,weightsum,0,600,0.322,0.093,0.9664,0.4374122619628906
OM3,nycdata,weightsum,0,800,0.385,0.105,0.9667,0.5090217590332031
OM3,sensordata,boxcox0,0,1000,0.219,0.119,1.0,0.3692474365234375
OM3,sensordata,boxcox0,0,1200,0.318,0.16,1.0,0.3699951171875
OM3,sensordata,boxcox0,0,200,0.083,0.037,1.0,0.4012031555175781
OM3,sensordata,boxcox0,0,400,0.113,0.051,1.0,0.36847686767578125
OM3,sensordata,boxcox0,0,600,0.177,0.088,1.0,0.29644775390625
OM3,sensordata,boxcox0,0,800,0.185,0.105,1.0,0.4020500183105469
OM3,sensordata,devide,0,1000,0.325,0.131,0.9566,0.4016304016113281
OM3,sensordata,devide,0,1200,0.392,0.161,0.9588,0.4024620056152344
OM3,sensordata,devide,0,200,0.12,0.036,0.9443,0.3994903564453125
OM3,sensordata,devide,0,400,0.16,0.06,0.9503,0.3997383117675781
OM3,sensordata,devide,0,600,0.236,0.094,0.9516,0.3296775817871094
OM3,sensordata,devide,0,800,0.302,0.112,0.9544,0.40216827392578125
OM3,sensordata,func1,0,1000,0.246,0.142,1.0,0.369232177734375
OM3,sensordata,func1,0,1200,0.332,0.166,1.0,0.36998748779296875
OM3,sensordata,func1,0,200,0.065,0.045,1.0,0.5075645446777344
OM3,sensordata,func1,0,400,0.119,0.076,1.0,0.42301177978515625
OM3,sensordata,func1,0,600,0.173,0.099,1.0,0.4075164794921875
OM3,sensordata,func1,0,800,0.192,0.108,1.0,0.4020576477050781
OM3,sensordata,L2,0,1000,0.736,0.163,1.0,0.5625267028808594
OM3,sensordata,L2,0,1200,0.886,0.207,1.0,0.5662422180175781
OM3,sensordata,L2,0,200,0.31,0.041,1.0,0.5556182861328125
OM3,sensordata,L2,0,400,0.393,0.071,1.0,0.5564117431640625
OM3,sensordata,L2,0,600,0.522,0.119,1.0,0.4879493713378906
OM3,sensordata,L2,0,800,0.667,0.134,1.0,0.5591392517089844
OM3,sensordata,L22,0,1000,0.326,0.13,0.9753,0.40137481689453125
OM3,sensordata,L22,0,1200,0.411,0.162,0.977,0.4024620056152344
OM3,sensordata,L22,0,200,0.098,0.037,0.9559,0.6195602416992188
OM3,sensordata,L22,0,400,0.174,0.063,0.9638,0.39992523193359375
OM3,sensordata,L22,0,600,0.245,0.094,0.9698,0.3295021057128906
OM3,sensordata,L22,0,800,0.291,0.109,0.9709,0.40216827392578125
OM3,sensordata,L2LN,0,1000,0.741,0.165,0.9412,0.5625267028808594
OM3,sensordata,L2LN,0,1200,0.897,0.199,0.944,0.5662422180175781
OM3,sensordata,L2LN,0,200,0.297,0.043,0.9194,0.5556182861328125
OM3,sensordata,L2LN,0,400,0.403,0.072,0.929,0.5564117431640625
OM3,sensordata,L2LN,0,600,0.515,0.118,0.9353,0.485931396484375
OM3,sensordata,L2LN,0,800,0.679,0.135,0.9394,0.5590591430664062
OM3,sensordata,max,0,1000,0.774,0.163,1.0,0.5625267028808594
OM3,sensordata,max,0,1200,0.876,0.191,1.0,0.5662422180175781
OM3,sensordata,max,0,200,0.295,0.038,1.0,0.5556221008300781
OM3,sensordata,max,0,400,0.397,0.079,1.0,0.5564117431640625
OM3,sensordata,max,0,600,0.507,0.118,1.0,0.485931396484375
OM3,sensordata,max,0,800,0.686,0.136,1.0,0.5591354370117188
OM3,sensordata,mean,0,1000,0.808,0.156,0.9994,0.559783935546875
OM3,sensordata,mean,0,1200,0.86,0.187,0.9994,0.5662422180175781
OM3,sensordata,mean,0,200,0.384,0.044,0.9992,0.5555839538574219
OM3,sensordata,mean,0,400,0.397,0.075,0.9993,0.5564117431640625
OM3,sensordata,mean,0,600,0.523,0.118,0.9993,0.4857025146484375
OM3,sensordata,mean,0,800,0.659,0.141,0.9994,0.5603828430175781
OM3,sensordata,minus,0,1000,0.343,0.133,0.9943,0.40137481689453125
OM3,sensordata,minus,0,1200,0.408,0.162,0.9932,0.4024620056152344
OM3,sensordata,minus,0,200,0.107,0.034,0.9966,0.3994903564453125
OM3,sensordata,minus,0,400,0.15,0.055,0.9965,0.3997383117675781
OM3,sensordata,minus,0,600,0.237,0.094,0.9937,0.3300743103027344
OM3,sensordata,minus,0,800,0.304,0.113,0.9947,0.4012870788574219
OM3,sensordata,multi,0,1000,0.33,0.13,0.9424,0.40193939208984375
OM3,sensordata,multi,0,1200,0.398,0.159,0.9482,0.4024620056152344
OM3,sensordata,multi,0,200,0.105,0.032,0.8765,0.3994903564453125
OM3,sensordata,multi,0,400,0.149,0.055,0.9039,0.3997383117675781
OM3,sensordata,multi,0,600,0.233,0.094,0.9224,0.3296775817871094
OM3,sensordata,multi,0,800,0.301,0.113,0.9294,0.40216827392578125
OM3,sensordata,plus,0,1000,0.337,0.132,0.9696,0.40137481689453125
OM3,sensordata,plus,0,1200,0.394,0.157,0.9726,0.4024620056152344
OM3,sensordata,plus,0,200,0.126,0.041,0.9369,0.3994903564453125
OM3,sensordata,plus,0,400,0.164,0.063,0.9505,0.39992523193359375
OM3,sensordata,plus,0,600,0.239,0.111,0.9598,0.3278045654296875
OM3,sensordata,plus,0,800,0.298,0.108,0.9632,0.40216827392578125
OM3,sensordata,variance,0,1000,0.756,0.165,1.0,0.5626106262207031
OM3,sensordata,variance,0,1200,0.873,0.197,1.0,0.5662422180175781
OM3,sensordata,variance,0,200,0.315,0.045,1.0,0.5556182861328125
OM3,sensordata,variance,0,400,0.41,0.086,1.0,0.5564117431640625
OM3,sensordata,variance,0,600,0.515,0.119,1.0,0.487945556640625
OM3,sensordata,variance,0,800,0.67,0.134,1.0,0.5591354370117188
OM3,sensordata,weightsum,0,1000,0.757,0.163,0.9999,0.5626106262207031
OM3,sensordata,weightsum,0,1200,0.936,0.194,0.9999,0.5663261413574219
OM3,sensordata,weightsum,0,200,0.315,0.044,0.9999,0.5556526184082031
OM3,sensordata,weightsum,0,400,0.407,0.073,0.9999,0.5564117431640625
OM3,sensordata,weightsum,0,600,0.524,0.119,0.9999,0.4877815246582031
OM3,sensordata,weightsum,0,800,0.67,0.134,0.9999,0.5591392517089844
OM3,soccerdata,boxcox0,0,1000,0.158,0.097,1.0,0.6229438781738281
OM3,soccerdata,boxcox0,0,1200,0.205,0.12,1.0,0.4080810546875
OM3,soccerdata,boxcox0,0,200,0.043,0.024,1.0,0.605255126953125
OM3,soccerdata,boxcox0,0,400,0.077,0.037,1.0,0.6134109497070312
OM3,soccerdata,boxcox0,0,600,0.107,0.059,1.0,0.2815284729003906
OM3,soccerdata,boxcox0,0,800,0.137,0.079,1.0,0.6146278381347656
OM3,soccerdata,devide,0,1000,0.229,0.103,0.9161,0.4035987854003906
OM3,soccerdata,devide,0,1200,0.233,0.104,0.9285,0.3696861267089844
OM3,soccerdata,devide,0,200,0.04,0.021,0.8529,0.3696861267089844
OM3,soccerdata,devide,0,400,0.086,0.046,0.8919,0.377593994140625
OM3,soccerdata,devide,0,600,0.135,0.059,0.9057,0.3227500915527344
OM3,soccerdata,devide,0,800,0.224,0.086,0.9181,0.4017143249511719
OM3,soccerdata,func1,0,1000,0.176,0.099,1.0,0.5891876220703125
OM3,soccerdata,func1,0,1200,0.187,0.104,1.0,0.5976600646972656
OM3,soccerdata,func1,0,200,0.059,0.041,1.0,0.5634498596191406
OM3,soccerdata,func1,0,400,0.073,0.05,1.0,0.571502685546875
OM3,soccerdata,func1,0,600,0.11,0.072,1.0,0.49396514892578125
OM3,soccerdata,func1,0,800,0.132,0.076,1.0,0.5801925659179688
OM3,soccerdata,L2,0,1000,0.477,0.125,0.9094,0.40717315673828125
OM3,soccerdata,L2,0,1200,0.554,0.131,0.9163,0.4368782043457031
OM3,soccerdata,L2,0,200,0.106,0.033,0.8787,0.3995170593261719
OM3,soccerdata,L2,0,400,0.198,0.067,0.8884,0.4311103820800781
OM3,soccerdata,L2,0,600,0.281,0.097,0.8977,0.3596687316894531
OM3,soccerdata,L2,0,800,0.374,0.12,0.9052,0.4331398010253906
OM3,soccerdata,L22,0,1000,0.239,0.106,0.9993,0.4481544494628906
OM3,soccerdata,L22,0,1200,0.296,0.109,0.9992,0.355560302734375
OM3,soccerdata,L22,0,200,0.048,0.022,0.9999,0.40113067626953125
OM3,soccerdata,L22,0,400,0.092,0.043,0.9998,0.41715240478515625
OM3,soccerdata,L22,0,600,0.12,0.061,0.9997,0.36080169677734375
OM3,soccerdata,L22,0,800,0.176,0.084,0.9993,0.4335594177246094
OM3,soccerdata,L2LN,0,1000,0.477,0.125,0.8696,0.3915748596191406
OM3,soccerdata,L2LN,0,1200,0.542,0.132,0.8736,0.4358940124511719
OM3,soccerdata,L2LN,0,200,0.128,0.038,0.8732,0.4021339416503906
OM3,soccerdata,L2LN,0,400,0.213,0.061,0.866,0.4465446472167969
OM3,soccerdata,L2LN,0,600,0.289,0.098,0.865,0.3772468566894531
OM3,soccerdata,L2LN,0,800,0.385,0.116,0.8708,0.43316650390625
OM3,soccerdata,max,0,1000,0.483,0.132,0.9984,0.40714263916015625
OM3,soccerdata,max,0,1200,0.526,0.13,0.9983,0.4360084533691406
OM3,soccerdata,max,0,200,0.118,0.03,0.9993,0.4315338134765625
OM3,soccerdata,max,0,400,0.215,0.068,0.999,0.4623260498046875
OM3,soccerdata,max,0,600,0.297,0.09,0.9988,0.3596687316894531
OM3,soccerdata,max,0,800,0.386,0.122,0.9986,0.4331092834472656
OM3,soccerdata,mean,0,1000,0.462,0.128,0.8171,0.3915138244628906
OM3,soccerdata,mean,0,1200,0.562,0.132,0.8246,0.4368438720703125
OM3,soccerdata,mean,0,200,0.119,0.036,0.8002,0.4006500244140625
OM3,soccerdata,mean,0,400,0.218,0.061,0.7897,0.4467010498046875
OM3,soccerdata,mean,0,600,0.282,0.097,0.7993,0.3448066711425781
OM3,soccerdata,mean,0,800,0.385,0.119,0.8078,0.43310546875
OM3,soccerdata,minus,0,1000,0.232,0.104,0.9753,0.40279388427734375
OM3,soccerdata,minus,0,1200,0.232,0.102,0.9757,0.3696861267089844
OM3,soccerdata,minus,0,200,0.048,0.027,0.9768,0.3857917785644531
OM3,soccerdata,minus,0,400,0.084,0.045,0.975,0.38629150390625
OM3,soccerdata,minus,0,600,0.121,0.065,0.9751,0.3072090148925781
OM3,soccerdata,minus,0,800,0.214,0.102,0.9752,0.400909423828125
OM3,soccerdata,multi,0,1000,0.221,0.099,0.98,0.4035987854003906
OM3,soccerdata,multi,0,1200,0.228,0.104,0.9806,0.3696861267089844
OM3,soccerdata,multi,0,200,0.042,0.023,0.968,0.3696861267089844
OM3,soccerdata,multi,0,400,0.088,0.047,0.973,0.377593994140625
OM3,soccerdata,multi,0,600,0.138,0.061,0.9765,0.3211517333984375
OM3,soccerdata,multi,0,800,0.2,0.085,0.9795,0.4017143249511719
OM3,soccerdata,plus,0,1000,0.234,0.103,0.996,0.38716888427734375
OM3,soccerdata,plus,0,1200,0.275,0.107,0.9961,0.3857917785644531
OM3,soccerdata,plus,0,200,0.067,0.031,0.9952,0.4081153869628906
OM3,soccerdata,plus,0,400,0.097,0.044,0.9955,0.3688697814941406
OM3,soccerdata,plus,0,600,0.125,0.064,0.9958,0.2904624938964844
OM3,soccerdata,plus,0,800,0.196,0.088,0.996,0.385284423828125
OM3,soccerdata,variance,0,1000,0.472,0.14,0.9912,0.4361763000488281
OM3,soccerdata,variance,0,1200,0.595,0.134,0.9921,0.3847999572753906
OM3,soccerdata,variance,0,200,0.109,0.035,0.9297,0.43061065673828125
OM3,soccerdata,variance,0,400,0.201,0.066,0.9862,0.4779510498046875
OM3,soccerdata,variance,0,600,0.288,0.087,0.9883,0.3596687316894531
OM3,soccerdata,variance,0,800,0.365,0.108,0.9908,0.3871574401855469
OM3,soccerdata,weightsum,0,1000,0.479,0.135,0.888,0.436859130859375
OM3,soccerdata,weightsum,0,1200,0.562,0.131,0.8943,0.3857765197753906
OM3,soccerdata,weightsum,0,200,0.112,0.039,0.8629,0.43090057373046875
OM3,soccerdata,weightsum,0,400,0.206,0.068,0.8661,0.478240966796875
OM3,soccerdata,weightsum,0,600,0.284,0.087,0.8731,0.3596687316894531
OM3,soccerdata,weightsum,0,800,0.383,0.109,0.8819,0.3877143859863281
OM3,stockdata,boxcox0,0,1000,0.114,0.065,0.9999,0.4336357116699219
OM3,stockdata,boxcox0,0,1200,0.133,0.076,0.9999,0.4341468811035156
OM3,stockdata,boxcox0,0,200,0.024,0.016,0.9999,0.43251800537109375
OM3,stockdata,boxcox0,0,400,0.048,0.033,0.9999,0.43251800537109375
OM3,stockdata,boxcox0,0,600,0.07,0.043,0.9999,0.376495361328125
OM3,stockdata,boxcox0,0,800,0.089,0.059,0.9999,0.432861328125
OM3,stockdata,devide,0,1000,0.158,0.076,0.9333,0.3900337219238281
OM3,stockdata,devide,0,1200,0.193,0.09,0.9301,0.3881416320800781
OM3,stockdata,devide,0,200,0.033,0.02,0.9128,0.3881416320800781
OM3,stockdata,devide,0,400,0.074,0.04,0.9137,0.38838958740234375
OM3,stockdata,devide,0,600,0.105,0.055,0.9228,0.2658042907714844
OM3,stockdata,devide,0,800,0.129,0.066,0.9236,0.389739990234375
OM3,stockdata,func1,0,1000,0.122,0.07,1.0,0.43207550048828125
OM3,stockdata,func1,0,1200,0.133,0.088,1.0,0.432586669921875
OM3,stockdata,func1,0,200,0.047,0.028,1.0,0.4358940124511719
OM3,stockdata,func1,0,400,0.059,0.046,1.0,0.4309196472167969
OM3,stockdata,func1,0,600,0.079,0.057,1.0,0.3762168884277344
OM3,stockdata,func1,0,800,0.108,0.058,1.0,0.4312324523925781
OM3,stockdata,L2,0,1000,0.354,0.101,0.9958,0.4959144592285156
OM3,stockdata,L2,0,1200,0.392,0.111,0.9962,0.5051651000976562
OM3,stockdata,L2,0,200,0.107,0.03,0.9914,0.52691650390625
OM3,stockdata,L2,0,400,0.242,0.078,0.9934,0.5191726684570312
OM3,stockdata,L2,0,600,0.305,0.091,0.9947,0.2749137878417969
OM3,stockdata,L2,0,800,0.26,0.093,0.9953,0.4899864196777344
OM3,stockdata,L22,0,1000,0.139,0.066,0.9999,0.4987030029296875
OM3,stockdata,L22,0,1200,0.183,0.077,1.0,0.4981803894042969
OM3,stockdata,L22,0,200,0.025,0.016,1.0,0.4968109130859375
OM3,stockdata,L22,0,400,0.047,0.029,1.0,0.4968109130859375
OM3,stockdata,L22,0,600,0.062,0.041,1.0,0.28076171875
OM3,stockdata,L22,0,800,0.104,0.053,1.0,0.4984092712402344
OM3,stockdata,L2LN,0,1000,0.38,0.11,0.9126,0.501678466796875
OM3,stockdata,L2LN,0,1200,0.483,0.117,0.905,0.5037498474121094
OM3,stockdata,L2LN,0,200,0.091,0.037,0.9184,0.4981803894042969
OM3,stockdata,L2LN,0,400,0.2,0.07,0.9119,0.4970283508300781
OM3,stockdata,L2LN,0,600,0.21,0.081,0.9065,0.2820396423339844
OM3,stockdata,L2LN,0,800,0.269,0.093,0.9134,0.5010948181152344
OM3,stockdata,max,0,1000,0.547,0.124,1.0,0.5194168090820312
OM3,stockdata,max,0,1200,0.634,0.153,1.0,0.52691650390625
OM3,stockdata,max,0,200,0.145,0.038,1.0,0.4483299255371094
OM3,stockdata,max,0,400,0.218,0.064,1.0,0.4491004943847656
OM3,stockdata,max,0,600,0.305,0.09,1.0,0.27332305908203125
OM3,stockdata,max,0,800,0.394,0.105,1.0,0.4552116394042969
OM3,stockdata,mean,0,1000,0.532,0.137,0.9868,0.3996467590332031
OM3,stockdata,mean,0,1200,0.668,0.161,0.9881,0.4002685546875
OM3,stockdata,mean,0,200,0.115,0.041,0.9713,0.3881416320800781
OM3,stockdata,mean,0,400,0.218,0.075,0.9786,0.3888053894042969
OM3,stockdata,mean,0,600,0.365,0.1,0.9827,0.27124786376953125
OM3,stockdata,mean,0,800,0.42,0.115,0.9848,0.399200439453125
OM3,stockdata,minus,0,1000,0.161,0.079,1.0,0.388275146484375
OM3,stockdata,minus,0,1200,0.192,0.091,1.0,0.3878936767578125
OM3,stockdata,minus,0,200,0.035,0.021,1.0,0.4594612121582031
OM3,stockdata,minus,0,400,0.074,0.04,1.0,0.4672203063964844
OM3,stockdata,minus,0,600,0.123,0.057,1.0,0.2658042907714844
OM3,stockdata,minus,0,800,0.135,0.067,1.0,0.38787078857421875
OM3,stockdata,multi,0,1000,0.157,0.077,0.9986,0.3897857666015625
OM3,stockdata,multi,0,1200,0.196,0.093,0.9989,0.3881416320800781
OM3,stockdata,multi,0,200,0.031,0.018,0.9949,0.3878936767578125
OM3,stockdata,multi,0,400,0.074,0.04,0.9962,0.3881416320800781
OM3,stockdata,multi,0,600,0.1,0.052,0.9976,0.2658042907714844
OM3,stockdata,multi,0,800,0.128,0.067,0.9982,0.3894920349121094
OM3,stockdata,plus,0,1000,0.153,0.081,1.0,0.4368171691894531
OM3,stockdata,plus,0,1200,0.192,0.092,1.0,0.45442962646484375
OM3,stockdata,plus,0,200,0.037,0.021,1.0,0.4341468811035156
OM3,stockdata,plus,0,400,0.076,0.041,1.0,0.43439483642578125
OM3,stockdata,plus,0,600,0.107,0.056,1.0,0.26555633544921875
OM3,stockdata,plus,0,800,0.131,0.067,1.0,0.43575286865234375
OM3,stockdata,variance,0,1000,0.557,0.137,0.9999,0.42281341552734375
OM3,stockdata,variance,0,1200,0.666,0.16,0.9999,0.45841217041015625
OM3,stockdata,variance,0,200,0.105,0.032,0.9997,0.4002685546875
OM3,stockdata,variance,0,400,0.22,0.074,0.9998,0.4009208679199219
OM3,stockdata,variance,0,600,0.326,0.091,0.9999,0.2734832763671875
OM3,stockdata,variance,0,800,0.471,0.114,0.9999,0.4207954406738281
OM3,stockdata,weightsum,0,1000,0.344,0.102,0.9928,0.5015411376953125
OM3,stockdata,weightsum,0,1200,0.433,0.107,0.9934,0.5051651000976562
OM3,stockdata,weightsum,0,200,0.076,0.027,0.9873,0.4968109130859375
OM3,stockdata,weightsum,0,400,0.149,0.057,0.9903,0.4974937438964844
OM3,stockdata,weightsum,0,600,0.246,0.08,0.9923,0.2766532897949219
OM3,stockdata,weightsum,0,800,0.267,0.089,0.9928,0.4997406005859375
OM3,synthetic128m,boxcox0,0,1000,0.366,0.166,1.0,0.4585227966308594
OM3,synthetic128m,boxcox0,0,1200,0.429,0.208,1.0,0.4589385986328125
OM3,synthetic128m,boxcox0,0,200,0.18,0.053,1.0,0.45702362060546875
OM3,synthetic128m,boxcox0,0,400,0.21,0.064,1.0,0.4571342468261719
OM3,synthetic128m,boxcox0,0,600,0.29,0.124,1.0,0.3900718688964844
OM3,synthetic128m,boxcox0,0,800,0.343,0.169,1.0,0.4578971862792969
OM3,synthetic128m,devide,0,1000,0.573,0.212,0.9981,0.5850257873535156
OM3,synthetic128m,devide,0,1200,0.626,0.205,0.9984,0.5862045288085938
OM3,synthetic128m,devide,0,200,0.31,0.034,0.9959,0.5818901062011719
OM3,synthetic128m,devide,0,400,0.365,0.07,0.9973,0.5821380615234375
OM3,synthetic128m,devide,0,600,0.458,0.129,0.998,0.5163421630859375
OM3,synthetic128m,devide,0,800,0.517,0.182,0.9984,0.5839920043945312
OM3,synthetic128m,func1,0,1000,0.394,0.206,1.0,0.4585227966308594
OM3,synthetic128m,func1,0,1200,0.436,0.225,1.0,0.4589385986328125
OM3,synthetic128m,func1,0,200,0.238,0.117,1.0,0.4570121765136719
OM3,synthetic128m,func1,0,400,0.256,0.095,1.0,0.4571342468261719
OM3,synthetic128m,func1,0,600,0.299,0.12,1.0,0.3900718688964844
OM3,synthetic128m,func1,0,800,0.345,0.162,1.0,0.4578971862792969
OM3,synthetic128m,L2,0,1000,1.184,0.186,0.9691,0.9595565795898438
OM3,synthetic128m,L2,0,1200,1.233,0.214,0.9716,0.9630508422851562
OM3,synthetic128m,L2,0,200,0.714,0.044,0.9442,0.9567756652832031
OM3,synthetic128m,L2,0,400,0.855,0.08,0.9556,0.9577713012695312
OM3,synthetic128m,L2,0,600,0.942,0.133,0.962,0.8918685913085938
OM3,synthetic128m,L2,0,800,1.06,0.16,0.9658,0.9619560241699219
OM3,synthetic128m,L22,0,1000,0.59,0.212,0.891,0.5850257873535156
OM3,synthetic128m,L22,0,1200,0.649,0.245,0.8893,0.5862045288085938
OM3,synthetic128m,L22,0,200,0.358,0.036,0.876,0.5818901062011719
OM3,synthetic128m,L22,0,400,0.365,0.07,0.8811,0.5821380615234375
OM3,synthetic128m,L22,0,600,0.461,0.131,0.8857,0.5164451599121094
OM3,synthetic128m,L22,0,800,0.518,0.143,0.8862,0.5837745666503906
OM3,synthetic128m,L2LN,0,1000,1.19,0.194,0.9693,0.9595565795898438
OM3,synthetic128m,L2LN,0,1200,1.242,0.251,0.9723,0.9615440368652344
OM3,synthetic128m,L2LN,0,200,0.667,0.041,0.9532,0.9567756652832031
OM3,synthetic128m,L2LN,0,400,0.834,0.08,0.9643,0.9577713012695312
OM3,synthetic128m,L2LN,0,600,0.931,0.139,0.9674,0.8916549682617188
OM3,synthetic128m,L2LN,0,800,1.079,0.163,0.9691,0.9621734619140625
OM3,synthetic128m,max,0,1000,1.168,0.176,0.9993,0.9595565795898438
OM3,synthetic128m,max,0,1200,1.252,0.302,0.9994,0.9630508422851562
OM3,synthetic128m,max,0,200,0.726,0.078,0.9976,0.9568977355957031
OM3,synthetic128m,max,0,400,0.828,0.081,0.9985,0.9577713012695312
OM3,synthetic128m,max,0,600,0.932,0.135,0.999,0.8916511535644531
OM3,synthetic128m,max,0,800,1.051,0.148,0.9992,0.9578437805175781
OM3,synthetic128m,mean,0,1000,1.158,0.182,0.9579,0.9595565795898438
OM3,synthetic128m,mean,0,1200,1.223,0.217,0.9603,0.9630508422851562
OM3,synthetic128m,mean,0,200,0.666,0.04,0.9203,0.9568977355957031
OM3,synthetic128m,mean,0,400,0.83,0.081,0.9378,0.9577713012695312
OM3,synthetic128m,mean,0,600,0.925,0.132,0.9479,0.8915748596191406
OM3,synthetic128m,mean,0,800,1.068,0.165,0.9533,0.9619560241699219
OM3,synthetic128m,minus,0,1000,0.593,0.175,0.9574,0.5850257873535156
OM3,synthetic128m,minus,0,1200,0.616,0.2,0.9626,0.5862045288085938
OM3,synthetic128m,minus,0,200,0.309,0.073,0.936,0.5818901062011719
OM3,synthetic128m,minus,0,400,0.366,0.07,0.9456,0.5821380615234375
OM3,synthetic128m,minus,0,600,0.461,0.132,0.9469,0.5163421630859375
OM3,synthetic128m,minus,0,800,0.522,0.146,0.954,0.5839920043945312
OM3,synthetic128m,multi,0,1000,0.584,0.173,0.9726,0.5850257873535156
OM3,synthetic128m,multi,0,1200,0.645,0.203,0.9742,0.5862045288085938
OM3,synthetic128m,multi,0,200,0.306,0.036,0.9529,0.5818901062011719
OM3,synthetic128m,multi,0,400,0.365,0.07,0.9599,0.5821380615234375
OM3,synthetic128m,multi,0,600,0.453,0.128,0.9689,0.5163421630859375
OM3,synthetic128m,multi,0,800,0.521,0.183,0.9703,0.5839920043945312
OM3,synthetic128m,plus,0,1000,0.593,0.174,0.9644,0.5850257873535156
OM3,synthetic128m,plus,0,1200,0.646,0.205,0.964,0.5862045288085938
OM3,synthetic128m,plus,0,200,0.308,0.055,0.9372,0.5818901062011719
OM3,synthetic128m,plus,0,400,0.364,0.07,0.9478,0.5821380615234375
OM3,synthetic128m,plus,0,600,0.452,0.128,0.957,0.5163345336914062
OM3,synthetic128m,plus,0,800,0.516,0.143,0.9583,0.5837745666503906
OM3,synthetic128m,variance,0,1000,1.17,0.181,0.9475,0.9595565795898438
OM3,synthetic128m,variance,0,1200,1.235,0.212,0.9512,0.9630508422851562
OM3,synthetic128m,variance,0,200,0.726,0.05,0.902,0.9568977355957031
OM3,synthetic128m,variance,0,400,0.839,0.088,0.9235,0.9577713012695312
OM3,synthetic128m,variance,0,600,0.925,0.13,0.9349,0.8915748596191406
OM3,synthetic128m,variance,0,800,1.066,0.161,0.9421,0.9578437805175781
OM3,synthetic128m,weightsum,0,1000,1.161,0.18,0.9636,0.9595565795898438
OM3,synthetic128m,weightsum,0,1200,1.245,0.298,0.9656,0.9630508422851562
OM3,synthetic128m,weightsum,0,200,0.521,0.035,0.9343,0.9568977355957031
OM3,synthetic128m,weightsum,0,400,0.59,0.069,0.949,0.9577713012695312
OM3,synthetic128m,weightsum,0,600,0.72,0.157,0.9561,0.8916549682617188
OM3,synthetic128m,weightsum,0,800,0.986,0.165,0.9603,0.9621734619140625
OM3,synthetic16m,boxcox0,0,1000,0.2,0.109,1.0,0.37848663330078125
OM3,synthetic16m,boxcox0,0,1200,0.227,0.121,1.0,0.3796119689941406
OM3,synthetic16m,boxcox0,0,200,0.051,0.018,1.0,0.3630256652832031
OM3,synthetic16m,boxcox0,0,400,0.094,0.05,1.0,0.36325836181640625
OM3,synthetic16m,boxcox0,0,600,0.114,0.061,1.0,0.29636383056640625
OM3,synthetic16m,boxcox0,0,800,0.166,0.092,1.0,0.3798332214355469
OM3,synthetic16m,devide,0,1000,0.245,0.111,0.9977,0.4281578063964844
OM3,synthetic16m,devide,0,1200,0.327,0.132,0.9981,0.395660400390625
OM3,synthetic16m,devide,0,200,0.056,0.025,0.9928,0.39322662353515625
OM3,synthetic16m,devide,0,400,0.089,0.049,0.9958,0.3624763488769531
OM3,synthetic16m,devide,0,600,0.15,0.073,0.9968,0.3290863037109375
OM3,synthetic16m,devide,0,800,0.26,0.1,0.9973,0.426239013671875
OM3,synthetic16m,func1,0,1000,0.169,0.103,1.0,0.388427734375
OM3,synthetic16m,func1,0,1200,0.303,0.127,1.0,0.34741973876953125
OM3,synthetic16m,func1,0,200,0.051,0.038,1.0,0.4127464294433594
OM3,synthetic16m,func1,0,400,0.087,0.059,1.0,0.412994384765625
OM3,synthetic16m,func1,0,600,0.144,0.078,1.0,0.28017425537109375
OM3,synthetic16m,func1,0,800,0.157,0.087,1.0,0.38791656494140625
OM3,synthetic16m,L2,0,1000,0.459,0.125,0.9712,0.4600944519042969
OM3,synthetic16m,L2,0,1200,0.546,0.142,0.9735,0.49240875244140625
OM3,synthetic16m,L2,0,200,0.107,0.024,0.9461,0.48693084716796875
OM3,synthetic16m,L2,0,400,0.189,0.057,0.959,0.48719024658203125
OM3,synthetic16m,L2,0,600,0.257,0.08,0.9653,0.4211921691894531
OM3,synthetic16m,L2,0,800,0.385,0.112,0.9688,0.4899406433105469
OM3,synthetic16m,L22,0,1000,0.243,0.111,0.8626,0.430084228515625
OM3,synthetic16m,L22,0,1200,0.34,0.132,0.8647,0.3969573974609375
OM3,synthetic16m,L22,0,200,0.08,0.021,0.845,0.5182151794433594
OM3,synthetic16m,L22,0,400,0.106,0.06,0.8516,0.3626060485839844
OM3,synthetic16m,L22,0,600,0.163,0.08,0.8564,0.3280906677246094
OM3,synthetic16m,L22,0,800,0.248,0.099,0.8594,0.428131103515625
OM3,synthetic16m,L2LN,0,1000,0.482,0.127,0.971,0.4905548095703125
OM3,synthetic16m,L2LN,0,1200,0.561,0.138,0.9706,0.4914512634277344
OM3,synthetic16m,L2LN,0,200,0.128,0.028,0.9645,0.4411048889160156
OM3,synthetic16m,L2LN,0,400,0.216,0.058,0.969,0.48819732666015625
OM3,synthetic16m,L2LN,0,600,0.267,0.079,0.9689,0.37380218505859375
OM3,synthetic16m,L2LN,0,800,0.389,0.108,0.9693,0.4749488830566406
OM3,synthetic16m,max,0,1000,0.535,0.128,0.9984,0.4731903076171875
OM3,synthetic16m,max,0,1200,0.553,0.138,0.9985,0.4903831481933594
OM3,synthetic16m,max,0,200,0.147,0.027,0.9949,0.5493621826171875
OM3,synthetic16m,max,0,400,0.206,0.061,0.9969,0.4252052307128906
OM3,synthetic16m,max,0,600,0.28,0.079,0.9977,0.39178466796875
OM3,synthetic16m,max,0,800,0.363,0.111,0.9983,0.427703857421875
OM3,synthetic16m,mean,0,1000,0.453,0.126,0.9635,0.4919586181640625
OM3,synthetic16m,mean,0,1200,0.553,0.137,0.9665,0.48899078369140625
OM3,synthetic16m,mean,0,200,0.128,0.028,0.9314,0.43997955322265625
OM3,synthetic16m,mean,0,400,0.191,0.058,0.9477,0.4714775085449219
OM3,synthetic16m,mean,0,600,0.261,0.081,0.9564,0.3899879455566406
OM3,synthetic16m,mean,0,800,0.37,0.109,0.9602,0.48934173583984375
OM3,synthetic16m,minus,0,1000,0.237,0.11,0.9548,0.42815399169921875
OM3,synthetic16m,minus,0,1200,0.338,0.13,0.9609,0.3958282470703125
OM3,synthetic16m,minus,0,200,0.059,0.031,0.9342,0.3619728088378906
OM3,synthetic16m,minus,0,400,0.105,0.047,0.9448,0.3936004638671875
OM3,synthetic16m,minus,0,600,0.135,0.077,0.9447,0.32909393310546875
OM3,synthetic16m,minus,0,800,0.256,0.098,0.9544,0.4262351989746094
OM3,synthetic16m,multi,0,1000,0.317,0.12,0.9607,0.4272346496582031
OM3,synthetic16m,multi,0,1200,0.293,0.122,0.9547,0.42949676513671875
OM3,synthetic16m,multi,0,200,0.053,0.026,0.9242,0.3958282470703125
OM3,synthetic16m,multi,0,400,0.134,0.057,0.9349,0.42456817626953125
OM3,synthetic16m,multi,0,600,0.137,0.064,0.9448,0.3274879455566406
OM3,synthetic16m,multi,0,800,0.221,0.093,0.9411,0.39617919921875
OM3,synthetic16m,plus,0,1000,0.252,0.114,0.9503,0.42893218994140625
OM3,synthetic16m,plus,0,1200,0.338,0.127,0.9553,0.3956565856933594
OM3,synthetic16m,plus,0,200,0.081,0.031,0.9004,0.3931007385253906
OM3,synthetic16m,plus,0,400,0.093,0.048,0.9247,0.3936004638671875
OM3,synthetic16m,plus,0,600,0.138,0.073,0.9352,0.2963676452636719
OM3,synthetic16m,plus,0,800,0.242,0.097,0.9455,0.4270133972167969
OM3,synthetic16m,variance,0,1000,0.463,0.124,0.9488,0.4600067138671875
OM3,synthetic16m,variance,0,1200,0.556,0.144,0.9529,0.4923210144042969
OM3,synthetic16m,variance,0,200,0.102,0.024,0.9091,0.48685455322265625
OM3,synthetic16m,variance,0,400,0.181,0.053,0.9265,0.4871025085449219
OM3,synthetic16m,variance,0,600,0.259,0.081,0.9385,0.42067718505859375
OM3,synthetic16m,variance,0,800,0.383,0.109,0.9438,0.4898529052734375
OM3,synthetic16m,weightsum,0,1000,0.472,0.131,0.971,0.49167633056640625
OM3,synthetic16m,weightsum,0,1200,0.531,0.141,0.9731,0.49379730224609375
OM3,synthetic16m,weightsum,0,200,0.146,0.026,0.948,0.5494499206542969
OM3,synthetic16m,weightsum,0,400,0.209,0.054,0.9586,0.409210205078125
OM3,synthetic16m,weightsum,0,600,0.289,0.081,0.9647,0.38954925537109375
OM3,synthetic16m,weightsum,0,800,0.38,0.11,0.9683,0.4899635314941406
OM3,synthetic1b,boxcox0,0,1000,1.361,0.376,0.9999,1.3353919982910156
OM3,synthetic1b,boxcox0,0,1200,1.376,0.395,0.9999,1.3354110717773438
OM3,synthetic1b,boxcox0,0,200,1.035,0.053,1.0,1.3325080871582031
OM3,synthetic1b,boxcox0,0,400,1.036,0.09,1.0,1.3329238891601562
OM3,synthetic1b,boxcox0,0,600,1.112,0.16,1.0,1.3782577514648438
OM3,synthetic1b,boxcox0,0,800,1.214,0.212,0.9999,1.3341598510742188
OM3,synthetic1b,devide,0,1000,2.218,0.212,0.9991,2.338245391845703
OM3,synthetic1b,devide,0,1200,2.336,0.29,0.9994,2.338031768798828
OM3,synthetic1b,devide,0,200,1.799,0.059,0.9967,2.33245849609375
OM3,synthetic1b,devide,0,400,1.908,0.096,0.9979,2.332427978515625
OM3,synthetic1b,devide,0,600,2.0,0.149,0.9987,2.3791351318359375
OM3,synthetic1b,devide,0,800,2.172,0.353,0.9988,2.336109161376953
OM3,synthetic1b,func1,0,1000,1.322,0.355,1.0,1.3353919982910156
OM3,synthetic1b,func1,0,1200,1.33,0.359,1.0,1.3354110717773438
OM3,synthetic1b,func1,0,200,1.134,0.083,1.0,1.3325157165527344
OM3,synthetic1b,func1,0,400,1.101,0.102,1.0,1.3329238891601562
OM3,synthetic1b,func1,0,600,1.091,0.153,1.0,1.3782577514648438
OM3,synthetic1b,func1,0,800,1.197,0.205,1.0,1.3341598510742188
OM3,synthetic1b,L2,0,1000,5.154,0.593,0.9759,5.339805603027344
OM3,synthetic1b,L2,0,1200,4.931,0.295,0.9777,5.3381805419921875
OM3,synthetic1b,L2,0,200,4.445,0.074,0.9574,5.332649230957031
OM3,synthetic1b,L2,0,400,4.477,0.112,0.9671,5.3340606689453125
OM3,synthetic1b,L2,0,600,4.567,0.159,0.9708,5.382667541503906
OM3,synthetic1b,L2,0,800,4.879,0.234,0.974,5.341339111328125
OM3,synthetic1b,L22,0,1000,1.539,0.329,0.8741,2.338245391845703
OM3,synthetic1b,L22,0,1200,1.545,0.238,0.8759,2.3369483947753906
OM3,synthetic1b,L22,0,200,1.326,0.315,0.8524,2.33245849609375
OM3,synthetic1b,L22,0,400,1.169,0.079,0.8625,2.3342208862304688
OM3,synthetic1b,L22,0,600,1.304,0.128,0.8677,2.3791427612304688
OM3,synthetic1b,L22,0,800,1.423,0.171,0.8706,2.336109161376953
OM3,synthetic1b,L2LN,0,1000,3.195,0.338,0.9807,5.3401947021484375
OM3,synthetic1b,L2LN,0,1200,3.2,0.375,0.9823,5.3407135009765625
OM3,synthetic1b,L2LN,0,200,2.435,0.048,0.9648,5.332561492919922
OM3,synthetic1b,L2LN,0,400,2.768,0.091,0.9732,5.3340606689453125
OM3,synthetic1b,L2LN,0,600,2.925,0.141,0.9768,5.380214691162109
OM3,synthetic1b,L2LN,0,800,3.027,0.171,0.9796,5.337066650390625
OM3,synthetic1b,max,0,1000,3.429,0.607,0.9994,5.342262268066406
OM3,synthetic1b,max,0,1200,3.54,0.238,0.9994,5.340602874755859
OM3,synthetic1b,max,0,200,2.74,0.229,0.998,5.332492828369141
OM3,synthetic1b,max,0,400,2.879,0.091,0.9987,5.3340606689453125
OM3,synthetic1b,max,0,600,3.987,0.138,0.9991,5.381549835205078
OM3,synthetic1b,max,0,800,3.224,0.191,0.9993,5.338771820068359
OM3,synthetic1b,mean,0,1000,3.318,0.511,0.9639,5.341007232666016
OM3,synthetic1b,mean,0,1200,5.471,0.303,0.9669,5.342918395996094
OM3,synthetic1b,mean,0,200,4.162,0.216,0.9321,5.332561492919922
OM3,synthetic1b,mean,0,400,4.468,0.11,0.9493,5.333889007568359
OM3,synthetic1b,mean,0,600,2.871,0.129,0.9556,5.381542205810547
OM3,synthetic1b,mean,0,800,3.075,0.176,0.9603,5.338375091552734
OM3,synthetic1b,minus,0,1000,2.346,0.462,0.9533,2.338245391845703
OM3,synthetic1b,minus,0,1200,2.323,0.28,0.9561,2.3369483947753906
OM3,synthetic1b,minus,0,200,1.842,0.264,0.9173,2.3323326110839844
OM3,synthetic1b,minus,0,400,1.905,0.105,0.937,2.334186553955078
OM3,synthetic1b,minus,0,600,2.0,0.154,0.9451,2.3791351318359375
OM3,synthetic1b,minus,0,800,2.177,0.213,0.9493,2.336109161376953
OM3,synthetic1b,multi,0,1000,2.39,0.25,0.9382,2.338245391845703
OM3,synthetic1b,multi,0,1200,2.331,0.29,0.9524,2.3369483947753906
OM3,synthetic1b,multi,0,200,1.747,0.051,0.93,2.3323326110839844
OM3,synthetic1b,multi,0,400,1.93,0.104,0.9348,2.334186553955078
OM3,synthetic1b,multi,0,600,2.009,0.153,0.9368,2.3791351318359375
OM3,synthetic1b,multi,0,800,1.512,0.293,0.9374,2.3359375
OM3,synthetic1b,plus,0,1000,2.266,0.245,0.9533,2.338245391845703
OM3,synthetic1b,plus,0,1200,2.291,0.272,0.958,2.3369483947753906
OM3,synthetic1b,plus,0,200,1.857,0.142,0.9199,2.3323326110839844
OM3,synthetic1b,plus,0,400,1.931,0.093,0.9377,2.3342208862304688
OM3,synthetic1b,plus,0,600,2.119,0.15,0.9467,2.3791351318359375
OM3,synthetic1b,plus,0,800,2.194,0.208,0.9498,2.336109161376953
OM3,synthetic1b,variance,0,1000,5.115,0.532,0.9555,5.341579437255859
OM3,synthetic1b,variance,0,1200,3.716,0.463,0.9591,5.3407135009765625
OM3,synthetic1b,variance,0,200,4.52,0.563,0.9269,5.332561492919922
OM3,synthetic1b,variance,0,400,4.511,0.112,0.9392,5.333889007568359
OM3,synthetic1b,variance,0,600,4.633,0.158,0.9466,5.379951477050781
OM3,synthetic1b,variance,0,800,4.866,0.23,0.953,5.33880615234375
OM3,synthetic1b,weightsum,0,1000,3.257,0.451,0.9541,5.340831756591797
OM3,synthetic1b,weightsum,0,1200,3.219,0.368,0.9554,5.339023590087891
OM3,synthetic1b,weightsum,0,200,4.232,0.196,0.9244,5.332561492919922
OM3,synthetic1b,weightsum,0,400,4.366,0.106,0.9411,5.335781097412109
OM3,synthetic1b,weightsum,0,600,2.862,0.134,0.9479,5.380130767822266
OM3,synthetic1b,weightsum,0,800,3.051,0.172,0.9518,5.336162567138672
OM3,synthetic1m,boxcox0,0,1000,0.136,0.076,1.0,0.18207550048828125
OM3,synthetic1m,boxcox0,0,1200,0.145,0.074,1.0,0.18428802490234375
OM3,synthetic1m,boxcox0,0,200,0.039,0.019,1.0,0.1788330078125
OM3,synthetic1m,boxcox0,0,400,0.051,0.033,1.0,0.17938995361328125
OM3,synthetic1m,boxcox0,0,600,0.076,0.051,1.0,0.14162826538085938
OM3,synthetic1m,boxcox0,0,800,0.114,0.059,1.0,0.18090438842773438
OM3,synthetic1m,devide,0,1000,0.192,0.092,0.9976,0.22500991821289062
OM3,synthetic1m,devide,0,1200,0.207,0.096,0.9978,0.2270660400390625
OM3,synthetic1m,devide,0,200,0.034,0.018,0.9905,0.2261199951171875
OM3,synthetic1m,devide,0,400,0.075,0.038,0.995,0.22633743286132812
OM3,synthetic1m,devide,0,600,0.102,0.052,0.9965,0.18731689453125
OM3,synthetic1m,devide,0,800,0.148,0.059,0.9969,0.2237548828125
OM3,synthetic1m,func1,0,1000,0.151,0.076,1.0,0.1628265380859375
OM3,synthetic1m,func1,0,1200,0.149,0.07,1.0,0.18210983276367188
OM3,synthetic1m,func1,0,200,0.064,0.033,1.0,0.11193466186523438
OM3,synthetic1m,func1,0,400,0.1,0.042,1.0,0.12412261962890625
OM3,synthetic1m,func1,0,600,0.107,0.057,1.0,0.12546539306640625
OM3,synthetic1m,func1,0,800,0.126,0.063,1.0,0.15345382690429688
OM3,synthetic1m,L2,0,1000,0.313,0.089,0.9585,0.382293701171875
OM3,synthetic1m,L2,0,1200,0.365,0.088,0.9611,0.3970146179199219
OM3,synthetic1m,L2,0,200,0.06,0.02,0.9213,0.31266021728515625
OM3,synthetic1m,L2,0,400,0.119,0.045,0.9389,0.3224830627441406
OM3,synthetic1m,L2,0,600,0.181,0.066,0.9487,0.22740936279296875
OM3,synthetic1m,L2,0,800,0.242,0.081,0.954,0.3425331115722656
OM3,synthetic1m,L22,0,1000,0.175,0.083,0.894,0.3625030517578125
OM3,synthetic1m,L22,0,1200,0.172,0.079,0.896,0.36823272705078125
OM3,synthetic1m,L22,0,200,0.036,0.015,0.8789,0.3529319763183594
OM3,synthetic1m,L22,0,400,0.069,0.041,0.8869,0.3574333190917969
OM3,synthetic1m,L22,0,600,0.107,0.061,0.8909,0.215423583984375
OM3,synthetic1m,L22,0,800,0.172,0.064,0.8929,0.35808563232421875
OM3,synthetic1m,L2LN,0,1000,0.331,0.087,0.97,0.3589324951171875
OM3,synthetic1m,L2LN,0,1200,0.359,0.097,0.971,0.3625602722167969
OM3,synthetic1m,L2LN,0,200,0.074,0.028,0.9433,0.3705902099609375
OM3,synthetic1m,L2LN,0,400,0.133,0.048,0.958,0.3712577819824219
OM3,synthetic1m,L2LN,0,600,0.18,0.065,0.9652,0.21682357788085938
OM3,synthetic1m,L2LN,0,800,0.228,0.089,0.9686,0.3467254638671875
OM3,synthetic1m,max,0,1000,0.316,0.085,0.9939,0.31444549560546875
OM3,synthetic1m,max,0,1200,0.357,0.094,0.994,0.31266021728515625
OM3,synthetic1m,max,0,200,0.067,0.026,0.9897,0.3131828308105469
OM3,synthetic1m,max,0,400,0.134,0.052,0.9922,0.34270477294921875
OM3,synthetic1m,max,0,600,0.196,0.074,0.9929,0.21202850341796875
OM3,synthetic1m,max,0,800,0.233,0.086,0.9934,0.3501243591308594
OM3,synthetic1m,mean,0,1000,0.335,0.11,0.9509,0.23006057739257812
OM3,synthetic1m,mean,0,1200,0.387,0.112,0.9542,0.2977409362792969
OM3,synthetic1m,mean,0,200,0.107,0.031,0.9057,0.227386474609375
OM3,synthetic1m,mean,0,400,0.152,0.05,0.9284,0.22760391235351562
OM3,synthetic1m,mean,0,600,0.225,0.067,0.9381,0.1927337646484375
OM3,synthetic1m,mean,0,800,0.269,0.084,0.944,0.23826980590820312
OM3,synthetic1m,minus,0,1000,0.186,0.081,0.9565,0.20735549926757812
OM3,synthetic1m,minus,0,1200,0.187,0.08,0.9602,0.21084976196289062
OM3,synthetic1m,minus,0,200,0.036,0.018,0.9244,0.21137237548828125
OM3,synthetic1m,minus,0,400,0.077,0.036,0.9404,0.21175765991210938
OM3,synthetic1m,minus,0,600,0.103,0.054,0.9475,0.16734695434570312
OM3,synthetic1m,minus,0,800,0.139,0.063,0.9539,0.20454025268554688
OM3,synthetic1m,multi,0,1000,0.202,0.074,0.9771,0.22367477416992188
OM3,synthetic1m,multi,0,1200,0.197,0.084,0.9783,0.2261199951171875
OM3,synthetic1m,multi,0,200,0.036,0.021,0.9589,0.21084976196289062
OM3,synthetic1m,multi,0,400,0.076,0.037,0.9658,0.21107101440429688
OM3,synthetic1m,multi,0,600,0.104,0.054,0.9706,0.1847686767578125
OM3,synthetic1m,multi,0,800,0.158,0.064,0.9748,0.2144317626953125
OM3,synthetic1m,plus,0,1000,0.181,0.088,0.965,0.20921707153320312
OM3,synthetic1m,plus,0,1200,0.191,0.08,0.9677,0.21137237548828125
OM3,synthetic1m,plus,0,200,0.045,0.021,0.9372,0.18410491943359375
OM3,synthetic1m,plus,0,400,0.077,0.043,0.9478,0.1845703125
OM3,synthetic1m,plus,0,600,0.098,0.051,0.9551,0.15479660034179688
OM3,synthetic1m,plus,0,800,0.141,0.067,0.9621,0.19945144653320312
OM3,synthetic1m,variance,0,1000,0.305,0.094,0.9183,0.2988853454589844
OM3,synthetic1m,variance,0,1200,0.369,0.095,0.925,0.3032722473144531
OM3,synthetic1m,variance,0,200,0.087,0.023,0.8676,0.3030052185058594
OM3,synthetic1m,variance,0,400,0.13,0.051,0.8897,0.3042640686035156
OM3,synthetic1m,variance,0,600,0.173,0.066,0.901,0.20620346069335938
OM3,synthetic1m,variance,0,800,0.23,0.081,0.912,0.2862701416015625
OM3,synthetic1m,weightsum,0,1000,0.308,0.086,0.9541,0.33612823486328125
OM3,synthetic1m,weightsum,0,1200,0.349,0.094,0.9574,0.3494110107421875
OM3,synthetic1m,weightsum,0,200,0.065,0.027,0.9159,0.3978729248046875
OM3,synthetic1m,weightsum,0,400,0.132,0.05,0.9348,0.3474693298339844
OM3,synthetic1m,weightsum,0,600,0.162,0.062,0.9443,0.22811508178710938
OM3,synthetic1m,weightsum,0,800,0.243,0.077,0.9497,0.3568382263183594
OM3,synthetic256m,boxcox0,0,1000,0.509,0.184,1.0,0.5841026306152344
OM3,synthetic256m,boxcox0,0,1200,0.564,0.241,1.0,0.5844039916992188
OM3,synthetic256m,boxcox0,0,200,0.318,0.081,1.0,0.5820350646972656
OM3,synthetic256m,boxcox0,0,400,0.348,0.073,1.0,0.5826416015625
OM3,synthetic256m,boxcox0,0,600,0.426,0.125,1.0,0.6273880004882812
OM3,synthetic256m,boxcox0,0,800,0.452,0.15,1.0,0.5829010009765625
OM3,synthetic256m,devide,0,1000,0.885,0.303,0.9985,0.8361968994140625
OM3,synthetic256m,devide,0,1200,0.923,0.306,0.999,0.8357505798339844
OM3,synthetic256m,devide,0,200,0.55,0.042,0.9978,0.8318977355957031
OM3,synthetic256m,devide,0,400,0.618,0.081,0.9985,0.8318977355957031
OM3,synthetic256m,devide,0,600,0.698,0.129,0.9978,0.878814697265625
OM3,synthetic256m,devide,0,800,0.767,0.164,0.9985,0.833953857421875
OM3,synthetic256m,func1,0,1000,0.539,0.208,1.0,0.5840988159179688
OM3,synthetic256m,func1,0,1200,0.602,0.272,1.0,0.5844039916992188
OM3,synthetic256m,func1,0,200,0.49,0.267,1.0,0.5820236206054688
OM3,synthetic256m,func1,0,400,0.388,0.093,1.0,0.5826377868652344
OM3,synthetic256m,func1,0,600,0.434,0.135,1.0,0.6273880004882812
OM3,synthetic256m,func1,0,800,0.497,0.19,1.0,0.5828971862792969
OM3,synthetic256m,L2,0,1000,1.663,0.267,0.9755,1.5860023498535156
OM3,synthetic256m,L2,0,1200,1.729,0.259,0.9785,1.5888023376464844
OM3,synthetic256m,L2,0,200,1.14,0.163,0.9591,1.5819091796875
OM3,synthetic256m,L2,0,400,1.241,0.095,0.9676,1.5842781066894531
OM3,synthetic256m,L2,0,600,1.415,0.205,0.9728,1.6302986145019531
OM3,synthetic256m,L2,0,800,1.532,0.237,0.9743,1.5845222473144531
OM3,synthetic256m,L22,0,1000,0.829,0.272,0.8627,0.8362045288085938
OM3,synthetic256m,L22,0,1200,0.882,0.3,0.8631,0.8357582092285156
OM3,synthetic256m,L22,0,200,0.542,0.045,0.8573,0.8319053649902344
OM3,synthetic256m,L22,0,400,0.562,0.083,0.8594,0.8320770263671875
OM3,synthetic256m,L22,0,600,0.65,0.143,0.8609,0.8793411254882812
OM3,synthetic256m,L22,0,800,0.718,0.175,0.86,0.8339614868164062
OM3,synthetic256m,L2LN,0,1000,1.661,0.226,0.9877,1.5864753723144531
OM3,synthetic256m,L2LN,0,1200,1.782,0.259,0.9886,1.5889739990234375
OM3,synthetic256m,L2LN,0,200,1.072,0.122,0.979,1.5816688537597656
OM3,synthetic256m,L2LN,0,400,1.273,0.097,0.9829,1.5842857360839844
OM3,synthetic256m,L2LN,0,600,1.386,0.153,0.9853,1.6309013366699219
OM3,synthetic256m,L2LN,0,800,1.56,0.232,0.9871,1.5828590393066406
OM3,synthetic256m,max,0,1000,1.675,0.218,0.9996,1.5862503051757812
OM3,synthetic256m,max,0,1200,1.788,0.271,0.9996,1.5876693725585938
OM3,synthetic256m,max,0,200,0.867,0.102,0.9982,1.5816612243652344
OM3,synthetic256m,max,0,400,1.413,0.098,0.9993,1.5842781066894531
OM3,synthetic256m,max,0,600,1.393,0.156,0.9994,1.6307792663574219
OM3,synthetic256m,max,0,800,1.57,0.235,0.9996,1.5828514099121094
OM3,synthetic256m,mean,0,1000,1.808,0.242,0.973,1.5859947204589844
OM3,synthetic256m,mean,0,1200,1.347,0.211,0.9744,1.585601806640625
OM3,synthetic256m,mean,0,200,1.211,0.048,0.953,1.5816612243652344
OM3,synthetic256m,mean,0,400,1.399,0.093,0.9612,1.5842781066894531
OM3,synthetic256m,mean,0,600,1.355,0.134,0.9674,1.6302909851074219
OM3,synthetic256m,mean,0,800,1.682,0.198,0.9683,1.5828514099121094
OM3,synthetic256m,minus,0,1000,0.86,0.193,0.9607,0.8361968994140625
OM3,synthetic256m,minus,0,1200,0.885,0.284,0.9623,0.8359222412109375
OM3,synthetic256m,minus,0,200,0.55,0.112,0.9401,0.8318977355957031
OM3,synthetic256m,minus,0,400,0.619,0.081,0.9461,0.8320693969726562
OM3,synthetic256m,minus,0,600,0.697,0.128,0.9549,0.8786468505859375
OM3,synthetic256m,minus,0,800,0.758,0.228,0.9564,0.8337821960449219
OM3,synthetic256m,multi,0,1000,0.869,0.204,0.9777,0.8361968994140625
OM3,synthetic256m,multi,0,1200,0.897,0.285,0.9793,0.8357505798339844
OM3,synthetic256m,multi,0,200,0.548,0.112,0.958,0.8318977355957031
OM3,synthetic256m,multi,0,400,0.62,0.083,0.9683,0.8320693969726562
OM3,synthetic256m,multi,0,600,0.694,0.127,0.9712,0.8791656494140625
OM3,synthetic256m,multi,0,800,0.758,0.161,0.9758,0.8337821960449219
OM3,synthetic256m,plus,0,1000,0.839,0.26,0.9801,0.8361930847167969
OM3,synthetic256m,plus,0,1200,0.895,0.285,0.9807,0.8357505798339844
OM3,synthetic256m,plus,0,200,0.532,0.043,0.9643,0.8318939208984375
OM3,synthetic256m,plus,0,400,0.625,0.08,0.9716,0.8320655822753906
OM3,synthetic256m,plus,0,600,0.69,0.126,0.9751,0.8786811828613281
OM3,synthetic256m,plus,0,800,0.754,0.16,0.9796,0.8337783813476562
OM3,synthetic256m,variance,0,1000,1.303,0.18,0.9698,1.5859947204589844
OM3,synthetic256m,variance,0,1200,1.328,0.203,0.9718,1.585601806640625
OM3,synthetic256m,variance,0,200,0.89,0.099,0.9478,1.5819015502929688
OM3,synthetic256m,variance,0,400,1.375,0.099,0.957,1.5842781066894531
OM3,synthetic256m,variance,0,600,1.073,0.128,0.9627,1.6293067932128906
OM3,synthetic256m,variance,0,800,1.138,0.136,0.9665,1.5861892700195312
OM3,synthetic256m,weightsum,0,1000,1.671,0.221,0.9699,1.5862579345703125
OM3,synthetic256m,weightsum,0,1200,1.799,0.309,0.9715,1.587677001953125
OM3,synthetic256m,weightsum,0,200,1.128,0.158,0.9458,1.5816688537597656
OM3,synthetic256m,weightsum,0,400,1.277,0.105,0.9581,1.5842857360839844
OM3,synthetic256m,weightsum,0,600,1.42,0.285,0.9636,1.6302986145019531
OM3,synthetic256m,weightsum,0,800,1.552,0.183,0.9671,1.5828590393066406
OM3,synthetic2m,boxcox0,0,1000,0.145,0.081,1.0,0.370513916015625
OM3,synthetic2m,boxcox0,0,1200,0.19,0.078,1.0,0.3464012145996094
OM3,synthetic2m,boxcox0,0,200,0.03,0.02,1.0,0.3692283630371094
OM3,synthetic2m,boxcox0,0,400,0.05,0.031,1.0,0.3692283630371094
OM3,synthetic2m,boxcox0,0,600,0.082,0.046,1.0,0.21973037719726562
OM3,synthetic2m,boxcox0,0,800,0.123,0.083,1.0,0.3700714111328125
OM3,synthetic2m,devide,0,1000,0.222,0.091,0.9969,0.3726158142089844
OM3,synthetic2m,devide,0,1200,0.216,0.084,0.997,0.37471771240234375
OM3,synthetic2m,devide,0,200,0.035,0.019,0.9918,0.3643989562988281
OM3,synthetic2m,devide,0,400,0.083,0.04,0.9939,0.36464691162109375
OM3,synthetic2m,devide,0,600,0.119,0.056,0.9952,0.2321319580078125
OM3,synthetic2m,devide,0,800,0.163,0.08,0.9957,0.3673248291015625
OM3,synthetic2m,func1,0,1000,0.161,0.086,1.0,0.36835479736328125
OM3,synthetic2m,func1,0,1200,0.172,0.109,1.0,0.3692970275878906
OM3,synthetic2m,func1,0,200,0.057,0.045,1.0,0.3664741516113281
OM3,synthetic2m,func1,0,400,0.087,0.061,1.0,0.36679840087890625
OM3,synthetic2m,func1,0,600,0.109,0.07,1.0,0.22159576416015625
OM3,synthetic2m,func1,0,800,0.144,0.074,1.0,0.37097930908203125
OM3,synthetic2m,L2,0,1000,0.405,0.102,0.9656,0.3534660339355469
OM3,synthetic2m,L2,0,1200,0.465,0.13,0.9677,0.3779296875
OM3,synthetic2m,L2,0,200,0.077,0.023,0.9382,0.3915901184082031
OM3,synthetic2m,L2,0,400,0.146,0.048,0.9506,0.39206695556640625
OM3,synthetic2m,L2,0,600,0.218,0.07,0.9581,0.26153564453125
OM3,synthetic2m,L2,0,800,0.33,0.091,0.9619,0.4315528869628906
OM3,synthetic2m,L22,0,1000,0.19,0.082,0.8777,0.3565406799316406
OM3,synthetic2m,L22,0,1200,0.22,0.086,0.8792,0.3475799560546875
OM3,synthetic2m,L22,0,200,0.056,0.027,0.8612,0.39672088623046875
OM3,synthetic2m,L22,0,400,0.087,0.04,0.8691,0.39699554443359375
OM3,synthetic2m,L22,0,600,0.131,0.06,0.8725,0.23769378662109375
OM3,synthetic2m,L22,0,800,0.162,0.071,0.8753,0.3550872802734375
OM3,synthetic2m,L2LN,0,1000,0.364,0.098,0.9741,0.39206695556640625
OM3,synthetic2m,L2LN,0,1200,0.458,0.112,0.9739,0.3551483154296875
OM3,synthetic2m,L2LN,0,200,0.085,0.025,0.9561,0.3591804504394531
OM3,synthetic2m,L2LN,0,400,0.157,0.051,0.9656,0.3775138854980469
OM3,synthetic2m,L2LN,0,600,0.245,0.076,0.9711,0.24047470092773438
OM3,synthetic2m,L2LN,0,800,0.293,0.091,0.9729,0.37453460693359375
OM3,synthetic2m,max,0,1000,0.382,0.108,0.9967,0.3744010925292969
OM3,synthetic2m,max,0,1200,0.479,0.111,0.9968,0.3915901184082031
OM3,synthetic2m,max,0,200,0.092,0.028,0.9942,0.40837860107421875
OM3,synthetic2m,max,0,400,0.146,0.056,0.9958,0.4088783264160156
OM3,synthetic2m,max,0,600,0.237,0.076,0.9962,0.24863433837890625
OM3,synthetic2m,max,0,800,0.31,0.093,0.9964,0.3534889221191406
OM3,synthetic2m,mean,0,1000,0.41,0.109,0.9553,0.3728370666503906
OM3,synthetic2m,mean,0,1200,0.471,0.138,0.9585,0.3780632019042969
OM3,synthetic2m,mean,0,200,0.107,0.024,0.9238,0.3577117919921875
OM3,synthetic2m,mean,0,400,0.183,0.052,0.9375,0.369903564453125
OM3,synthetic2m,mean,0,600,0.227,0.073,0.9457,0.23366165161132812
OM3,synthetic2m,mean,0,800,0.332,0.106,0.9511,0.3524436950683594
OM3,synthetic2m,minus,0,1000,0.236,0.078,0.9452,0.3633613586425781
OM3,synthetic2m,minus,0,1200,0.225,0.089,0.9489,0.3652458190917969
OM3,synthetic2m,minus,0,200,0.037,0.019,0.9027,0.3693695068359375
OM3,synthetic2m,minus,0,400,0.08,0.039,0.9197,0.35428619384765625
OM3,synthetic2m,minus,0,600,0.116,0.059,0.9374,0.2215576171875
OM3,synthetic2m,minus,0,800,0.153,0.077,0.9419,0.3564491271972656
OM3,synthetic2m,multi,0,1000,0.204,0.092,0.97,0.35774993896484375
OM3,synthetic2m,multi,0,1200,0.232,0.088,0.9712,0.3643989562988281
OM3,synthetic2m,multi,0,200,0.037,0.019,0.9561,0.3652458190917969
OM3,synthetic2m,multi,0,400,0.089,0.039,0.963,0.3655128479003906
OM3,synthetic2m,multi,0,600,0.15,0.059,0.9669,0.2294769287109375
OM3,synthetic2m,multi,0,800,0.179,0.079,0.9682,0.35001373291015625
OM3,synthetic2m,plus,0,1000,0.218,0.085,0.9552,0.3672676086425781
OM3,synthetic2m,plus,0,1200,0.224,0.089,0.9575,0.3693695068359375
OM3,synthetic2m,plus,0,200,0.045,0.021,0.9283,0.3464012145996094
OM3,synthetic2m,plus,0,400,0.09,0.043,0.9419,0.346649169921875
OM3,synthetic2m,plus,0,600,0.118,0.059,0.9487,0.22121429443359375
OM3,synthetic2m,plus,0,800,0.178,0.087,0.9516,0.360443115234375
OM3,synthetic2m,variance,0,1000,0.368,0.101,0.9444,0.3746337890625
OM3,synthetic2m,variance,0,1200,0.428,0.108,0.9481,0.3992195129394531
OM3,synthetic2m,variance,0,200,0.081,0.023,0.896,0.3975944519042969
OM3,synthetic2m,variance,0,400,0.16,0.058,0.9194,0.4175910949707031
OM3,synthetic2m,variance,0,600,0.25,0.075,0.9332,0.248291015625
OM3,synthetic2m,variance,0,800,0.312,0.075,0.9387,0.35106658935546875
OM3,synthetic2m,weightsum,0,1000,0.381,0.109,0.9569,0.3742866516113281
OM3,synthetic2m,weightsum,0,1200,0.5,0.12,0.9599,0.398895263671875
OM3,synthetic2m,weightsum,0,200,0.078,0.023,0.9214,0.3973121643066406
OM3,synthetic2m,weightsum,0,400,0.154,0.052,0.9376,0.41745758056640625
OM3,synthetic2m,weightsum,0,600,0.252,0.071,0.9468,0.2618865966796875
OM3,synthetic2m,weightsum,0,800,0.349,0.087,0.9523,0.3507194519042969
OM3,synthetic32m,boxcox0,0,1000,0.214,0.116,0.9999,0.3641357421875
OM3,synthetic32m,boxcox0,0,1200,0.3,0.142,0.9999,0.3643646240234375
OM3,synthetic32m,boxcox0,0,200,0.079,0.037,0.9999,0.395751953125
OM3,synthetic32m,boxcox0,0,400,0.1,0.045,0.9999,0.363372802734375
OM3,synthetic32m,boxcox0,0,600,0.154,0.079,0.9999,0.3752021789550781
OM3,synthetic32m,boxcox0,0,800,0.17,0.097,0.9999,0.3969383239746094
OM3,synthetic32m,devide,0,1000,0.327,0.127,0.9984,0.39626312255859375
OM3,synthetic32m,devide,0,1200,0.353,0.139,0.998,0.39681243896484375
OM3,synthetic32m,devide,0,200,0.111,0.041,0.9958,0.394378662109375
OM3,synthetic32m,devide,0,400,0.155,0.058,0.996,0.39481353759765625
OM3,synthetic32m,devide,0,600,0.222,0.099,0.9982,0.3291816711425781
OM3,synthetic32m,devide,0,800,0.29,0.107,0.9976,0.39705657958984375
OM3,synthetic32m,func1,0,1000,0.216,0.118,1.0,0.3641357421875
OM3,synthetic32m,func1,0,1200,0.295,0.141,1.0,0.3645362854003906
OM3,synthetic32m,func1,0,200,0.061,0.044,1.0,0.4900016784667969
OM3,synthetic32m,func1,0,400,0.134,0.084,1.0,0.363372802734375
OM3,synthetic32m,func1,0,600,0.183,0.093,1.0,0.3431739807128906
OM3,synthetic32m,func1,0,800,0.183,0.101,1.0,0.3969383239746094
OM3,synthetic32m,L2,0,1000,0.603,0.137,0.9754,0.493194580078125
OM3,synthetic32m,L2,0,1200,0.647,0.154,0.977,0.49394989013671875
OM3,synthetic32m,L2,0,200,0.224,0.043,0.9572,0.4880332946777344
OM3,synthetic32m,L2,0,400,0.305,0.062,0.9663,0.48879241943359375
OM3,synthetic32m,L2,0,600,0.387,0.099,0.971,0.4242820739746094
OM3,synthetic32m,L2,0,800,0.485,0.125,0.9738,0.4923362731933594
OM3,synthetic32m,L22,0,1000,0.326,0.126,0.9012,0.39626312255859375
OM3,synthetic32m,L22,0,1200,0.35,0.139,0.9019,0.39681243896484375
OM3,synthetic32m,L22,0,200,0.103,0.035,0.8962,0.394378662109375
OM3,synthetic32m,L22,0,400,0.152,0.062,0.898,0.3945960998535156
OM3,synthetic32m,L22,0,600,0.217,0.095,0.8989,0.3292655944824219
OM3,synthetic32m,L22,0,800,0.29,0.107,0.9002,0.39705657958984375
OM3,synthetic32m,L2LN,0,1000,0.58,0.147,0.9844,0.493194580078125
OM3,synthetic32m,L2LN,0,1200,0.652,0.162,0.9856,0.49394989013671875
OM3,synthetic32m,L2LN,0,200,0.223,0.038,0.9709,0.4880332946777344
OM3,synthetic32m,L2LN,0,400,0.291,0.066,0.9763,0.4885749816894531
OM3,synthetic32m,L2LN,0,600,0.39,0.102,0.98,0.4236335754394531
OM3,synthetic32m,L2LN,0,800,0.48,0.121,0.9827,0.4923362731933594
OM3,synthetic32m,max,0,1000,0.592,0.14,0.9991,0.493194580078125
OM3,synthetic32m,max,0,1200,0.645,0.155,0.9992,0.49394989013671875
OM3,synthetic32m,max,0,200,0.21,0.034,0.9974,0.488067626953125
OM3,synthetic32m,max,0,400,0.28,0.06,0.9983,0.4883880615234375
OM3,synthetic32m,max,0,600,0.415,0.105,0.9988,0.423370361328125
OM3,synthetic32m,max,0,800,0.483,0.115,0.999,0.4922981262207031
OM3,synthetic32m,mean,0,1000,0.58,0.147,0.9716,0.493194580078125
OM3,synthetic32m,mean,0,1200,0.66,0.16,0.9729,0.49394989013671875
OM3,synthetic32m,mean,0,200,0.249,0.05,0.952,0.4881401062011719
OM3,synthetic32m,mean,0,400,0.317,0.076,0.9599,0.48879241943359375
OM3,synthetic32m,mean,0,600,0.403,0.106,0.9656,0.4234580993652344
OM3,synthetic32m,mean,0,800,0.485,0.127,0.9681,0.4923362731933594
OM3,synthetic32m,minus,0,1000,0.334,0.126,0.9699,0.3965187072753906
OM3,synthetic32m,minus,0,1200,0.36,0.143,0.9702,0.39681243896484375
OM3,synthetic32m,minus,0,200,0.119,0.043,0.9509,0.394378662109375
OM3,synthetic32m,minus,0,400,0.159,0.06,0.9589,0.39481353759765625
OM3,synthetic32m,minus,0,600,0.221,0.099,0.9618,0.32917022705078125
OM3,synthetic32m,minus,0,800,0.293,0.108,0.9669,0.39705657958984375
OM3,synthetic32m,multi,0,1000,0.3,0.128,0.9826,0.3958320617675781
OM3,synthetic32m,multi,0,1200,0.356,0.136,0.9838,0.3969841003417969
OM3,synthetic32m,multi,0,200,0.102,0.031,0.968,0.394378662109375
OM3,synthetic32m,multi,0,400,0.158,0.053,0.9753,0.39481353759765625
OM3,synthetic32m,multi,0,600,0.199,0.085,0.9787,0.3291740417480469
OM3,synthetic32m,multi,0,800,0.274,0.103,0.9808,0.39705657958984375
OM3,synthetic32m,plus,0,1000,0.323,0.126,0.9809,0.39626312255859375
OM3,synthetic32m,plus,0,1200,0.377,0.144,0.9824,0.3969841003417969
OM3,synthetic32m,plus,0,200,0.131,0.034,0.9637,0.394378662109375
OM3,synthetic32m,plus,0,400,0.163,0.057,0.9732,0.39481353759765625
OM3,synthetic32m,plus,0,600,0.223,0.098,0.9769,0.3291664123535156
OM3,synthetic32m,plus,0,800,0.27,0.106,0.979,0.3964347839355469
OM3,synthetic32m,variance,0,1000,0.584,0.145,0.965,0.493194580078125
OM3,synthetic32m,variance,0,1200,0.652,0.157,0.9674,0.49394989013671875
OM3,synthetic32m,variance,0,200,0.241,0.044,0.9343,0.4881401062011719
OM3,synthetic32m,variance,0,400,0.304,0.064,0.9489,0.48879241943359375
OM3,synthetic32m,variance,0,600,0.395,0.104,0.956,0.42479705810546875
OM3,synthetic32m,variance,0,800,0.515,0.117,0.9609,0.4918212890625
OM3,synthetic32m,weightsum,0,1000,0.589,0.136,0.9716,0.493194580078125
OM3,synthetic32m,weightsum,0,1200,0.65,0.157,0.9735,0.49394989013671875
OM3,synthetic32m,weightsum,0,200,0.226,0.033,0.9482,0.4881019592285156
OM3,synthetic32m,weightsum,0,400,0.311,0.061,0.959,0.48879241943359375
OM3,synthetic32m,weightsum,0,600,0.41,0.108,0.9655,0.4236335754394531
OM3,synthetic32m,weightsum,0,800,0.491,0.117,0.9688,0.4918212890625
OM3,synthetic4m,boxcox0,0,1000,0.16,0.084,1.0,0.34880828857421875
OM3,synthetic4m,boxcox0,0,1200,0.163,0.101,1.0,0.3509979248046875
OM3,synthetic4m,boxcox0,0,200,0.036,0.025,1.0,0.34323883056640625
OM3,synthetic4m,boxcox0,0,400,0.065,0.035,1.0,0.34323883056640625
OM3,synthetic4m,boxcox0,0,600,0.091,0.052,1.0,0.23041915893554688
OM3,synthetic4m,boxcox0,0,800,0.13,0.068,1.0,0.3440132141113281
OM3,synthetic4m,devide,0,1000,0.198,0.09,0.9985,0.3532867431640625
OM3,synthetic4m,devide,0,1200,0.208,0.097,0.9989,0.3553504943847656
OM3,synthetic4m,devide,0,200,0.042,0.025,0.9933,0.36333465576171875
OM3,synthetic4m,devide,0,400,0.08,0.039,0.9976,0.3635826110839844
OM3,synthetic4m,devide,0,600,0.116,0.057,0.998,0.235870361328125
OM3,synthetic4m,devide,0,800,0.171,0.076,0.9984,0.35166168212890625
OM3,synthetic4m,func1,0,1000,0.144,0.08,1.0,0.3597145080566406
OM3,synthetic4m,func1,0,1200,0.165,0.091,1.0,0.3433074951171875
OM3,synthetic4m,func1,0,200,0.049,0.037,1.0,0.3589210510253906
OM3,synthetic4m,func1,0,400,0.079,0.056,1.0,0.3580131530761719
OM3,synthetic4m,func1,0,600,0.109,0.073,1.0,0.22965621948242188
OM3,synthetic4m,func1,0,800,0.142,0.085,1.0,0.35870361328125
OM3,synthetic4m,L2,0,1000,0.374,0.101,0.9632,0.3543128967285156
OM3,synthetic4m,L2,0,1200,0.415,0.121,0.9657,0.374237060546875
OM3,synthetic4m,L2,0,200,0.074,0.023,0.9322,0.3899993896484375
OM3,synthetic4m,L2,0,400,0.143,0.054,0.9486,0.3905830383300781
OM3,synthetic4m,L2,0,600,0.209,0.075,0.9554,0.2808074951171875
OM3,synthetic4m,L2,0,800,0.309,0.093,0.9603,0.4294090270996094
OM3,synthetic4m,L22,0,1000,0.197,0.09,0.8697,0.35595703125
OM3,synthetic4m,L22,0,1200,0.198,0.091,0.8733,0.3580131530761719
OM3,synthetic4m,L22,0,200,0.038,0.023,0.8512,0.374237060546875
OM3,synthetic4m,L22,0,400,0.077,0.038,0.8607,0.3744850158691406
OM3,synthetic4m,L22,0,600,0.114,0.056,0.8653,0.3387870788574219
OM3,synthetic4m,L22,0,800,0.154,0.076,0.8694,0.35334014892578125
OM3,synthetic4m,L2LN,0,1000,0.348,0.104,0.969,0.37398529052734375
OM3,synthetic4m,L2LN,0,1200,0.403,0.1,0.9714,0.35483551025390625
OM3,synthetic4m,L2LN,0,200,0.077,0.028,0.9435,0.3656196594238281
OM3,synthetic4m,L2LN,0,400,0.154,0.047,0.9563,0.3699607849121094
OM3,synthetic4m,L2LN,0,600,0.242,0.074,0.9621,0.340423583984375
OM3,synthetic4m,L2LN,0,800,0.258,0.093,0.9662,0.3539466857910156
OM3,synthetic4m,max,0,1000,0.351,0.101,0.998,0.3759307861328125
OM3,synthetic4m,max,0,1200,0.435,0.104,0.9982,0.3899993896484375
OM3,synthetic4m,max,0,200,0.08,0.024,0.9969,0.3695220947265625
OM3,synthetic4m,max,0,400,0.133,0.051,0.9977,0.3697700500488281
OM3,synthetic4m,max,0,600,0.234,0.072,0.9978,0.2640037536621094
OM3,synthetic4m,max,0,800,0.287,0.093,0.998,0.3536567687988281
OM3,synthetic4m,mean,0,1000,0.328,0.101,0.9481,0.3943519592285156
OM3,synthetic4m,mean,0,1200,0.401,0.099,0.952,0.4132957458496094
OM3,synthetic4m,mean,0,200,0.075,0.024,0.9012,0.35912322998046875
OM3,synthetic4m,mean,0,400,0.143,0.047,0.9246,0.3775520324707031
OM3,synthetic4m,mean,0,600,0.204,0.069,0.9362,0.23925018310546875
OM3,synthetic4m,mean,0,800,0.318,0.093,0.943,0.3925323486328125
OM3,synthetic4m,minus,0,1000,0.201,0.087,0.9521,0.3617973327636719
OM3,synthetic4m,minus,0,1200,0.239,0.086,0.9592,0.3637657165527344
OM3,synthetic4m,minus,0,200,0.044,0.026,0.9207,0.3701744079589844
OM3,synthetic4m,minus,0,400,0.085,0.041,0.9313,0.37042236328125
OM3,synthetic4m,minus,0,600,0.128,0.053,0.9483,0.23194503784179688
OM3,synthetic4m,minus,0,800,0.151,0.073,0.9449,0.3614768981933594
OM3,synthetic4m,multi,0,1000,0.196,0.087,0.9567,0.3655815124511719
OM3,synthetic4m,multi,0,1200,0.245,0.09,0.9547,0.36333465576171875
OM3,synthetic4m,multi,0,200,0.035,0.019,0.9135,0.3637657165527344
OM3,synthetic4m,multi,0,400,0.078,0.038,0.9274,0.364013671875
OM3,synthetic4m,multi,0,600,0.133,0.056,0.9303,0.23474884033203125
OM3,synthetic4m,multi,0,800,0.156,0.077,0.9326,0.3652610778808594
OM3,synthetic4m,plus,0,1000,0.244,0.1,0.9571,0.3682899475097656
OM3,synthetic4m,plus,0,1200,0.224,0.093,0.9593,0.3701744079589844
OM3,synthetic4m,plus,0,200,0.046,0.024,0.9187,0.35092926025390625
OM3,synthetic4m,plus,0,400,0.081,0.044,0.9376,0.3511772155761719
OM3,synthetic4m,plus,0,600,0.116,0.06,0.9455,0.23151016235351562
OM3,synthetic4m,plus,0,800,0.174,0.079,0.9532,0.36063385009765625
OM3,synthetic4m,variance,0,1000,0.35,0.11,0.9596,0.37371826171875
OM3,synthetic4m,variance,0,1200,0.406,0.104,0.9624,0.3548240661621094
OM3,synthetic4m,variance,0,200,0.081,0.037,0.9286,0.3501129150390625
OM3,synthetic4m,variance,0,400,0.158,0.047,0.9431,0.36995697021484375
OM3,synthetic4m,variance,0,600,0.239,0.071,0.9506,0.242889404296875
OM3,synthetic4m,variance,0,800,0.264,0.089,0.9561,0.35393524169921875
OM3,synthetic4m,weightsum,0,1000,0.348,0.105,0.9571,0.3545684814453125
OM3,synthetic4m,weightsum,0,1200,0.421,0.103,0.9608,0.374237060546875
OM3,synthetic4m,weightsum,0,200,0.074,0.026,0.9216,0.374237060546875
OM3,synthetic4m,weightsum,0,400,0.157,0.05,0.9396,0.389678955078125
OM3,synthetic4m,weightsum,0,600,0.192,0.071,0.9501,0.3271217346191406
OM3,synthetic4m,weightsum,0,800,0.314,0.096,0.947,0.3729362487792969
OM3,synthetic512m,boxcox0,0,1000,0.914,0.238,1.0,0.8351821899414062
OM3,synthetic512m,boxcox0,0,1200,0.874,0.253,1.0,0.8351211547851562
OM3,synthetic512m,boxcox0,0,200,0.547,0.053,1.0,0.83233642578125
OM3,synthetic512m,boxcox0,0,400,0.645,0.109,1.0,0.8328437805175781
OM3,synthetic512m,boxcox0,0,600,0.663,0.202,1.0,0.8782463073730469
OM3,synthetic512m,boxcox0,0,800,0.815,0.199,1.0,0.8338699340820312
OM3,synthetic512m,devide,0,1000,1.592,0.346,0.9951,1.3364524841308594
OM3,synthetic512m,devide,0,1200,1.541,0.258,0.9949,1.3380584716796875
OM3,synthetic512m,devide,0,200,1.012,0.167,0.9953,1.3321533203125
OM3,synthetic512m,devide,0,400,1.106,0.106,0.9951,1.3350601196289062
OM3,synthetic512m,devide,0,600,1.166,0.14,0.9951,1.3791236877441406
OM3,synthetic512m,devide,0,800,1.394,0.315,0.9951,1.3360443115234375
OM3,synthetic512m,func1,0,1000,0.914,0.302,1.0,0.8351821899414062
OM3,synthetic512m,func1,0,1200,0.884,0.306,1.0,0.8351211547851562
OM3,synthetic512m,func1,0,200,0.606,0.12,1.0,0.8322944641113281
OM3,synthetic512m,func1,0,400,0.644,0.107,1.0,0.8328437805175781
OM3,synthetic512m,func1,0,600,0.651,0.133,1.0,0.8782463073730469
OM3,synthetic512m,func1,0,800,0.799,0.195,1.0,0.8338699340820312
OM3,synthetic512m,L2,0,1000,3.287,0.447,0.9694,2.8440093994140625
OM3,synthetic512m,L2,0,1200,3.286,0.251,0.9721,2.8415489196777344
OM3,synthetic512m,L2,0,200,2.295,0.064,0.9459,2.8323402404785156
OM3,synthetic512m,L2,0,400,2.515,0.117,0.957,2.8346824645996094
OM3,synthetic512m,L2,0,600,2.69,0.234,0.9639,2.8803863525390625
OM3,synthetic512m,L2,0,800,2.979,0.213,0.967,2.8388671875
OM3,synthetic512m,L22,0,1000,1.589,0.241,0.8545,1.3366317749023438
OM3,synthetic512m,L22,0,1200,1.526,0.36,0.8542,1.3382377624511719
OM3,synthetic512m,L22,0,200,1.138,0.06,0.8491,1.3323326110839844
OM3,synthetic512m,L22,0,400,1.15,0.106,0.8498,1.3352394104003906
OM3,synthetic512m,L22,0,600,1.215,0.145,0.8518,1.3791351318359375
OM3,synthetic512m,L22,0,800,1.404,0.312,0.8538,1.3362236022949219
OM3,synthetic512m,L2LN,0,1000,2.199,0.4,0.9801,2.8467178344726562
OM3,synthetic512m,L2LN,0,1200,2.242,0.219,0.9807,2.840564727783203
OM3,synthetic512m,L2LN,0,200,2.286,0.061,0.9745,2.8323440551757812
OM3,synthetic512m,L2LN,0,400,2.102,0.11,0.979,2.833038330078125
OM3,synthetic512m,L2LN,0,600,2.361,0.129,0.9789,2.878204345703125
OM3,synthetic512m,L2LN,0,800,2.005,0.185,0.9801,2.8380470275878906
OM3,synthetic512m,max,0,1000,3.334,0.286,0.999,2.844005584716797
OM3,synthetic512m,max,0,1200,3.174,0.28,0.9992,2.839447021484375
OM3,synthetic512m,max,0,200,2.323,0.064,0.9958,2.8323402404785156
OM3,synthetic512m,max,0,400,2.539,0.109,0.9977,2.8362884521484375
OM3,synthetic512m,max,0,600,2.75,0.148,0.9985,2.8798370361328125
OM3,synthetic512m,max,0,800,2.965,0.214,0.9988,2.8387527465820312
OM3,synthetic512m,mean,0,1000,3.281,0.354,0.9655,2.8442115783691406
OM3,synthetic512m,mean,0,1200,3.217,0.3,0.968,2.8415184020996094
OM3,synthetic512m,mean,0,200,2.264,0.194,0.9361,2.832164764404297
OM3,synthetic512m,mean,0,400,2.614,0.112,0.9505,2.8351402282714844
OM3,synthetic512m,mean,0,600,2.74,0.165,0.9583,2.878204345703125
OM3,synthetic512m,mean,0,800,2.944,0.217,0.9624,2.8374862670898438
OM3,synthetic512m,minus,0,1000,1.57,0.354,0.9594,1.3364524841308594
OM3,synthetic512m,minus,0,1200,1.487,0.267,0.961,1.3380584716796875
OM3,synthetic512m,minus,0,200,1.028,0.06,0.9168,1.3321533203125
OM3,synthetic512m,minus,0,400,1.197,0.11,0.9241,1.3350601196289062
OM3,synthetic512m,minus,0,600,1.19,0.15,0.9504,1.3791236877441406
OM3,synthetic512m,minus,0,800,1.384,0.31,0.95,1.3360443115234375
OM3,synthetic512m,multi,0,1000,1.569,0.25,0.9714,1.3364524841308594
OM3,synthetic512m,multi,0,1200,1.515,0.389,0.9731,1.3380584716796875
OM3,synthetic512m,multi,0,200,1.001,0.16,0.9453,1.3321533203125
OM3,synthetic512m,multi,0,400,1.156,0.117,0.958,1.3350601196289062
OM3,synthetic512m,multi,0,600,1.194,0.239,0.9649,1.3791236877441406
OM3,synthetic512m,multi,0,800,1.341,0.311,0.9686,1.3360443115234375
OM3,synthetic512m,plus,0,1000,1.552,0.238,0.9759,1.3364524841308594
OM3,synthetic512m,plus,0,1200,1.464,0.26,0.9773,1.3380584716796875
OM3,synthetic512m,plus,0,200,0.966,0.057,0.9555,1.3321533203125
OM3,synthetic512m,plus,0,400,1.126,0.098,0.9653,1.3350601196289062
OM3,synthetic512m,plus,0,600,1.19,0.243,0.9707,1.3791236877441406
OM3,synthetic512m,plus,0,800,1.364,0.32,0.9739,1.3360443115234375
OM3,synthetic512m,variance,0,1000,3.275,0.352,0.9472,2.8443641662597656
OM3,synthetic512m,variance,0,1200,3.202,0.378,0.9508,2.841541290283203
OM3,synthetic512m,variance,0,200,2.335,0.147,0.8995,2.8323135375976562
OM3,synthetic512m,variance,0,400,2.139,0.086,0.9229,2.8367156982421875
OM3,synthetic512m,variance,0,600,2.773,0.407,0.935,2.878204345703125
OM3,synthetic512m,variance,0,800,2.943,0.212,0.941,2.8366470336914062
OM3,synthetic512m,weightsum,0,1000,2.723,0.401,0.9702,2.844390869140625
OM3,synthetic512m,weightsum,0,1200,3.386,0.294,0.9738,2.8415489196777344
OM3,synthetic512m,weightsum,0,200,2.398,0.182,0.9495,2.8323440551757812
OM3,synthetic512m,weightsum,0,400,2.526,0.112,0.9589,2.8339805603027344
OM3,synthetic512m,weightsum,0,600,2.742,0.368,0.9656,2.878204345703125
OM3,synthetic512m,weightsum,0,800,3.03,0.34,0.9682,2.8388671875
OM3,synthetic64m,boxcox0,0,1000,0.279,0.139,1.0,0.3978462219238281
OM3,synthetic64m,boxcox0,0,1200,0.327,0.165,1.0,0.3963966369628906
OM3,synthetic64m,boxcox0,0,200,0.131,0.044,1.0,0.394500732421875
OM3,synthetic64m,boxcox0,0,400,0.149,0.057,1.0,0.394622802734375
OM3,synthetic64m,boxcox0,0,600,0.202,0.097,1.0,0.3275718688964844
OM3,synthetic64m,boxcox0,0,800,0.23,0.113,1.0,0.39531707763671875
OM3,synthetic64m,devide,0,1000,0.424,0.148,0.9999,0.4593162536621094
OM3,synthetic64m,devide,0,1200,0.502,0.179,0.9999,0.4608306884765625
OM3,synthetic64m,devide,0,200,0.183,0.054,0.9995,0.456878662109375
OM3,synthetic64m,devide,0,400,0.245,0.072,0.9997,0.45731353759765625
OM3,synthetic64m,devide,0,600,0.29,0.097,0.9997,0.3917655944824219
OM3,synthetic64m,devide,0,800,0.366,0.133,0.9998,0.45876312255859375
OM3,synthetic64m,func1,0,1000,0.333,0.179,1.0,0.3978462219238281
OM3,synthetic64m,func1,0,1200,0.357,0.184,1.0,0.3963966369628906
OM3,synthetic64m,func1,0,200,0.136,0.073,1.0,0.3943748474121094
OM3,synthetic64m,func1,0,400,0.143,0.069,1.0,0.3945579528808594
OM3,synthetic64m,func1,0,600,0.204,0.101,1.0,0.3275718688964844
OM3,synthetic64m,func1,0,800,0.25,0.119,1.0,0.39531707763671875
OM3,synthetic64m,L2,0,1000,0.806,0.157,0.9753,0.6502113342285156
OM3,synthetic64m,L2,0,1200,0.865,0.228,0.9765,0.6547393798828125
OM3,synthetic64m,L2,0,200,0.401,0.041,0.9547,0.644256591796875
OM3,synthetic64m,L2,0,400,0.495,0.067,0.9655,0.6448249816894531
OM3,synthetic64m,L2,0,600,0.608,0.11,0.9706,0.5784645080566406
OM3,synthetic64m,L2,0,800,0.691,0.127,0.9734,0.6480789184570312
OM3,synthetic64m,L22,0,1000,0.408,0.142,0.8876,0.45932769775390625
OM3,synthetic64m,L22,0,1200,0.493,0.19,0.8884,0.4608421325683594
OM3,synthetic64m,L22,0,200,0.167,0.041,0.8799,0.4570159912109375
OM3,synthetic64m,L22,0,400,0.238,0.074,0.8827,0.4572639465332031
OM3,synthetic64m,L22,0,600,0.306,0.108,0.8851,0.3917655944824219
OM3,synthetic64m,L22,0,800,0.348,0.138,0.8865,0.45894622802734375
OM3,synthetic64m,L2LN,0,1000,0.795,0.158,0.9795,0.6502151489257812
OM3,synthetic64m,L2LN,0,1200,0.903,0.228,0.9811,0.6499862670898438
OM3,synthetic64m,L2LN,0,200,0.374,0.04,0.9654,0.6442680358886719
OM3,synthetic64m,L2LN,0,400,0.503,0.07,0.972,0.6454887390136719
OM3,synthetic64m,L2LN,0,600,0.599,0.13,0.9756,0.5784645080566406
OM3,synthetic64m,L2LN,0,800,0.706,0.128,0.9781,0.6480827331542969
OM3,synthetic64m,max,0,1000,0.803,0.179,0.9996,0.6506271362304688
OM3,synthetic64m,max,0,1200,0.862,0.185,0.9997,0.6552085876464844
OM3,synthetic64m,max,0,200,0.403,0.041,0.9991,0.644256591796875
OM3,synthetic64m,max,0,400,0.485,0.067,0.9994,0.6448249816894531
OM3,synthetic64m,max,0,600,0.604,0.111,0.9996,0.5803947448730469
OM3,synthetic64m,max,0,800,0.705,0.138,0.9997,0.6480712890625
OM3,synthetic64m,mean,0,1000,0.78,0.173,0.9648,0.6502037048339844
OM3,synthetic64m,mean,0,1200,0.868,0.22,0.9673,0.6498527526855469
OM3,synthetic64m,mean,0,200,0.38,0.059,0.9367,0.644256591796875
OM3,synthetic64m,mean,0,400,0.493,0.071,0.9491,0.6448249816894531
OM3,synthetic64m,mean,0,600,0.606,0.129,0.957,0.5784645080566406
OM3,synthetic64m,mean,0,800,0.688,0.146,0.9609,0.6480712890625
OM3,synthetic64m,minus,0,1000,0.411,0.143,0.9758,0.4593162536621094
OM3,synthetic64m,minus,0,1200,0.497,0.191,0.9812,0.4608306884765625
OM3,synthetic64m,minus,0,200,0.184,0.035,0.9471,0.456878662109375
OM3,synthetic64m,minus,0,400,0.243,0.068,0.9607,0.45731353759765625
OM3,synthetic64m,minus,0,600,0.294,0.118,0.9701,0.39168548583984375
OM3,synthetic64m,minus,0,800,0.348,0.138,0.9646,0.4589347839355469
OM3,synthetic64m,multi,0,1000,0.408,0.144,0.9781,0.4593162536621094
OM3,synthetic64m,multi,0,1200,0.491,0.19,0.979,0.4608306884765625
OM3,synthetic64m,multi,0,200,0.185,0.035,0.9479,0.456878662109375
OM3,synthetic64m,multi,0,400,0.241,0.068,0.963,0.45731353759765625
OM3,synthetic64m,multi,0,600,0.315,0.108,0.9738,0.3917808532714844
OM3,synthetic64m,multi,0,800,0.348,0.134,0.9663,0.4589347839355469
OM3,synthetic64m,plus,0,1000,0.416,0.145,0.9733,0.4593162536621094
OM3,synthetic64m,plus,0,1200,0.487,0.191,0.9774,0.4608306884765625
OM3,synthetic64m,plus,0,200,0.193,0.046,0.9506,0.456878662109375
OM3,synthetic64m,plus,0,400,0.248,0.071,0.9554,0.45731353759765625
OM3,synthetic64m,plus,0,600,0.293,0.116,0.9683,0.39168548583984375
OM3,synthetic64m,plus,0,800,0.367,0.134,0.9645,0.45876312255859375
OM3,synthetic64m,variance,0,1000,0.797,0.172,0.9648,0.650421142578125
OM3,synthetic64m,variance,0,1200,0.874,0.204,0.9663,0.6556396484375
OM3,synthetic64m,variance,0,200,0.385,0.041,0.9334,0.6443901062011719
OM3,synthetic64m,variance,0,400,0.49,0.068,0.9497,0.6448249816894531
OM3,synthetic64m,variance,0,600,0.608,0.11,0.9569,0.5784645080566406
OM3,synthetic64m,variance,0,800,0.681,0.127,0.9613,0.6480712890625
OM3,synthetic64m,weightsum,0,1000,0.798,0.159,0.9668,0.6502113342285156
OM3,synthetic64m,weightsum,0,1200,0.893,0.207,0.9686,0.6498641967773438
OM3,synthetic64m,weightsum,0,200,0.404,0.06,0.9407,0.6442642211914062
OM3,synthetic64m,weightsum,0,400,0.488,0.067,0.9532,0.6448326110839844
OM3,synthetic64m,weightsum,0,600,0.604,0.11,0.9602,0.5788078308105469
OM3,synthetic64m,weightsum,0,800,0.696,0.128,0.9637,0.6480789184570312
OM3,synthetic8m,boxcox0,0,1000,0.164,0.094,1.0,0.35504150390625
OM3,synthetic8m,boxcox0,0,1200,0.187,0.101,1.0,0.3554840087890625
OM3,synthetic8m,boxcox0,0,200,0.045,0.021,1.0,0.3734397888183594
OM3,synthetic8m,boxcox0,0,400,0.058,0.035,1.0,0.373687744140625
OM3,synthetic8m,boxcox0,0,600,0.087,0.052,1.0,0.2853431701660156
OM3,synthetic8m,boxcox0,0,800,0.133,0.075,1.0,0.3745574951171875
OM3,synthetic8m,devide,0,1000,0.241,0.106,0.9984,0.3807716369628906
OM3,synthetic8m,devide,0,1200,0.26,0.112,0.9988,0.3823280334472656
OM3,synthetic8m,devide,0,200,0.047,0.024,0.9941,0.37737274169921875
OM3,synthetic8m,devide,0,400,0.085,0.042,0.996,0.3776206970214844
OM3,synthetic8m,devide,0,600,0.125,0.061,0.9971,0.30001068115234375
OM3,synthetic8m,devide,0,800,0.178,0.089,0.9977,0.3798942565917969
OM3,synthetic8m,func1,0,1000,0.173,0.092,1.0,0.3604240417480469
OM3,synthetic8m,func1,0,1200,0.204,0.104,1.0,0.36917877197265625
OM3,synthetic8m,func1,0,200,0.051,0.037,1.0,0.3626365661621094
OM3,synthetic8m,func1,0,400,0.084,0.054,1.0,0.3626518249511719
OM3,synthetic8m,func1,0,600,0.143,0.078,1.0,0.2845649719238281
OM3,synthetic8m,func1,0,800,0.14,0.078,1.0,0.3599815368652344
OM3,synthetic8m,L2,0,1000,0.43,0.124,0.9774,0.4139366149902344
OM3,synthetic8m,L2,0,1200,0.474,0.121,0.979,0.4127311706542969
OM3,synthetic8m,L2,0,200,0.083,0.028,0.9603,0.4087104797363281
OM3,synthetic8m,L2,0,400,0.154,0.053,0.9684,0.4096107482910156
OM3,synthetic8m,L2,0,600,0.233,0.086,0.9724,0.34394073486328125
OM3,synthetic8m,L2,0,800,0.309,0.103,0.9753,0.4127922058105469
OM3,synthetic8m,L22,0,1000,0.224,0.109,0.8825,0.37172698974609375
OM3,synthetic8m,L22,0,1200,0.264,0.11,0.8839,0.37328338623046875
OM3,synthetic8m,L22,0,200,0.037,0.019,0.88,0.4129066467285156
OM3,synthetic8m,L22,0,400,0.086,0.042,0.8804,0.4132804870605469
OM3,synthetic8m,L22,0,600,0.14,0.06,0.8822,0.3210487365722656
OM3,synthetic8m,L22,0,800,0.182,0.091,0.8824,0.4119987487792969
OM3,synthetic8m,L2LN,0,1000,0.435,0.129,0.9835,0.4139518737792969
OM3,synthetic8m,L2LN,0,1200,0.467,0.128,0.9844,0.4127464294433594
OM3,synthetic8m,L2LN,0,200,0.11,0.029,0.972,0.40090179443359375
OM3,synthetic8m,L2LN,0,400,0.161,0.055,0.9772,0.4096260070800781
OM3,synthetic8m,L2LN,0,600,0.232,0.088,0.9802,0.35817718505859375
OM3,synthetic8m,L2LN,0,800,0.305,0.104,0.9821,0.4128074645996094
OM3,synthetic8m,max,0,1000,0.434,0.129,0.9996,0.4139366149902344
OM3,synthetic8m,max,0,1200,0.465,0.117,0.9996,0.4140777587890625
OM3,synthetic8m,max,0,200,0.101,0.031,0.9987,0.4087066650390625
OM3,synthetic8m,max,0,400,0.166,0.057,0.999,0.4096107482910156
OM3,synthetic8m,max,0,600,0.236,0.09,0.9993,0.32062530517578125
OM3,synthetic8m,max,0,800,0.308,0.102,0.9995,0.4127960205078125
OM3,synthetic8m,mean,0,1000,0.431,0.125,0.9711,0.413848876953125
OM3,synthetic8m,mean,0,1200,0.47,0.122,0.9737,0.4126434326171875
OM3,synthetic8m,mean,0,200,0.103,0.029,0.9506,0.40081024169921875
OM3,synthetic8m,mean,0,400,0.16,0.058,0.9611,0.40952301025390625
OM3,synthetic8m,mean,0,600,0.225,0.086,0.9652,0.3243598937988281
OM3,synthetic8m,mean,0,800,0.291,0.098,0.9682,0.4127044677734375
OM3,synthetic8m,minus,0,1000,0.244,0.108,0.9724,0.37932586669921875
OM3,synthetic8m,minus,0,1200,0.263,0.111,0.9741,0.38088226318359375
OM3,synthetic8m,minus,0,200,0.048,0.021,0.9517,0.3773460388183594
OM3,synthetic8m,minus,0,400,0.084,0.041,0.9625,0.3776206970214844
OM3,synthetic8m,minus,0,600,0.121,0.059,0.9665,0.2925376892089844
OM3,synthetic8m,minus,0,800,0.169,0.086,0.9703,0.3798942565917969
OM3,synthetic8m,multi,0,1000,0.239,0.105,0.9814,0.3807716369628906
OM3,synthetic8m,multi,0,1200,0.275,0.116,0.9822,0.3823280334472656
OM3,synthetic8m,multi,0,200,0.044,0.023,0.9608,0.37737274169921875
OM3,synthetic8m,multi,0,400,0.083,0.042,0.9711,0.3776206970214844
OM3,synthetic8m,multi,0,600,0.121,0.059,0.9737,0.301666259765625
OM3,synthetic8m,multi,0,800,0.173,0.087,0.9792,0.3798942565917969
OM3,synthetic8m,plus,0,1000,0.221,0.108,0.9829,0.3792991638183594
OM3,synthetic8m,plus,0,1200,0.263,0.105,0.9835,0.3808555603027344
OM3,synthetic8m,plus,0,200,0.052,0.02,0.969,0.3630332946777344
OM3,synthetic8m,plus,0,400,0.098,0.044,0.9755,0.3712043762207031
OM3,synthetic8m,plus,0,600,0.155,0.061,0.9789,0.30257415771484375
OM3,synthetic8m,plus,0,800,0.19,0.097,0.9811,0.3806304931640625
OM3,synthetic8m,variance,0,1000,0.427,0.127,0.9697,0.413848876953125
OM3,synthetic8m,variance,0,1200,0.489,0.114,0.9722,0.41442108154296875
OM3,synthetic8m,variance,0,200,0.083,0.027,0.9471,0.40862274169921875
OM3,synthetic8m,variance,0,400,0.159,0.056,0.9591,0.40952301025390625
OM3,synthetic8m,variance,0,600,0.239,0.088,0.9644,0.3465423583984375
OM3,synthetic8m,variance,0,800,0.305,0.096,0.9682,0.4111175537109375
OM3,synthetic8m,weightsum,0,1000,0.451,0.131,0.9729,0.4139404296875
OM3,synthetic8m,weightsum,0,1200,0.475,0.121,0.9745,0.4129066467285156
OM3,synthetic8m,weightsum,0,200,0.081,0.025,0.9508,0.4087104797363281
OM3,synthetic8m,weightsum,0,400,0.154,0.055,0.9625,0.4096107482910156
OM3,synthetic8m,weightsum,0,600,0.235,0.09,0.9668,0.32077789306640625
OM3,synthetic8m,weightsum,0,800,0.306,0.101,0.9706,0.4127922058105469
OM3,traffic,boxcox0,0,1000,0.135,0.074,1.0,0.17368698120117188
OM3,traffic,boxcox0,0,1200,0.165,0.093,1.0,0.18052291870117188
OM3,traffic,boxcox0,0,200,0.048,0.03,1.0,0.16768646240234375
OM3,traffic,boxcox0,0,400,0.052,0.036,1.0,0.16944503784179688
OM3,traffic,boxcox0,0,600,0.073,0.049,1.0,0.28326416015625
OM3,traffic,boxcox0,0,800,0.118,0.058,0.9999,0.17184829711914062
OM3,traffic,devide,0,1000,0.175,0.084,0.866,0.20587921142578125
OM3,traffic,devide,0,1200,0.187,0.088,0.8566,0.20878982543945312
OM3,traffic,devide,0,200,0.036,0.019,0.8852,0.21136474609375
OM3,traffic,devide,0,400,0.078,0.041,0.883,0.20977783203125
OM3,traffic,devide,0,600,0.104,0.052,0.8891,0.3275146484375
OM3,traffic,devide,0,800,0.161,0.065,0.8795,0.2043304443359375
OM3,traffic,func1,0,1000,0.145,0.077,1.0,0.15799713134765625
OM3,traffic,func1,0,1200,0.155,0.086,1.0,0.17222976684570312
OM3,traffic,func1,0,200,0.068,0.032,1.0,0.11000442504882812
OM3,traffic,func1,0,400,0.105,0.038,0.9999,0.12061691284179688
OM3,traffic,func1,0,600,0.095,0.06,1.0,0.28228759765625
OM3,traffic,func1,0,800,0.108,0.07,1.0,0.14059829711914062
OM3,traffic,L2,0,1000,0.52,0.11,0.807,0.5334320068359375
OM3,traffic,L2,0,1200,0.541,0.122,0.7914,0.5370407104492188
OM3,traffic,L2,0,200,0.105,0.028,0.8717,0.4656219482421875
OM3,traffic,L2,0,400,0.207,0.058,0.8646,0.4763603210449219
OM3,traffic,L2,0,600,0.294,0.088,0.8714,0.3774604797363281
OM3,traffic,L2,0,800,0.377,0.103,0.8499,0.4974327087402344
OM3,traffic,L22,0,1000,0.161,0.076,0.8771,0.49362945556640625
OM3,traffic,L22,0,1200,0.191,0.095,0.8161,0.4979972839355469
OM3,traffic,L22,0,200,0.022,0.012,0.9474,0.4895782470703125
OM3,traffic,L22,0,400,0.048,0.028,0.9552,0.4895782470703125
OM3,traffic,L22,0,600,0.081,0.045,0.9528,0.3779411315917969
OM3,traffic,L22,0,800,0.125,0.065,0.9339,0.49109649658203125
OM3,traffic,L2LN,0,1000,0.327,0.091,0.803,0.5799446105957031
OM3,traffic,L2LN,0,1200,0.391,0.099,0.7754,0.5824317932128906
OM3,traffic,L2LN,0,200,0.111,0.034,0.8837,0.5077629089355469
OM3,traffic,L2LN,0,400,0.192,0.065,0.887,0.5181808471679688
OM3,traffic,L2LN,0,600,0.244,0.091,0.8931,0.3787803649902344
OM3,traffic,L2LN,0,800,0.28,0.087,0.8564,0.5627365112304688
OM3,traffic,max,0,1000,0.522,0.125,0.9083,0.4623603820800781
OM3,traffic,max,0,1200,0.626,0.123,0.9156,0.4626045227050781
OM3,traffic,max,0,200,0.11,0.028,0.9447,0.47332000732421875
OM3,traffic,max,0,400,0.209,0.061,0.9434,0.4737129211425781
OM3,traffic,max,0,600,0.292,0.082,0.9439,0.38028717041015625
OM3,traffic,max,0,800,0.411,0.098,0.9279,0.4934349060058594
OM3,traffic,mean,0,1000,0.732,0.13,0.7911,0.33455657958984375
OM3,traffic,mean,0,1200,0.645,0.134,0.7614,0.3610115051269531
OM3,traffic,mean,0,200,0.137,0.037,0.8689,0.213409423828125
OM3,traffic,mean,0,400,0.233,0.066,0.8678,0.217010498046875
OM3,traffic,mean,0,600,0.374,0.093,0.8749,0.3767356872558594
OM3,traffic,mean,0,800,0.433,0.112,0.851,0.3174324035644531
OM3,traffic,minus,0,1000,0.171,0.082,0.8305,0.207733154296875
OM3,traffic,minus,0,1200,0.186,0.088,0.8103,0.21002578735351562
OM3,traffic,minus,0,200,0.033,0.019,0.8854,0.18738937377929688
OM3,traffic,minus,0,400,0.076,0.04,0.8682,0.19367599487304688
OM3,traffic,minus,0,600,0.108,0.052,0.8635,0.3019981384277344
OM3,traffic,minus,0,800,0.158,0.065,0.8463,0.20604324340820312
OM3,traffic,multi,0,1000,0.189,0.072,0.921,0.2104339599609375
OM3,traffic,multi,0,1200,0.19,0.087,0.9069,0.20935821533203125
OM3,traffic,multi,0,200,0.038,0.021,0.9058,0.20560073852539062
OM3,traffic,multi,0,400,0.076,0.036,0.9339,0.20581817626953125
OM3,traffic,multi,0,600,0.1,0.052,0.9338,0.3125877380371094
OM3,traffic,multi,0,800,0.156,0.066,0.9286,0.20695114135742188
OM3,traffic,plus,0,1000,0.163,0.068,0.9229,0.18609619140625
OM3,traffic,plus,0,1200,0.185,0.084,0.8989,0.18738937377929688
OM3,traffic,plus,0,200,0.053,0.022,0.9249,0.18068313598632812
OM3,traffic,plus,0,400,0.086,0.04,0.9429,0.18217849731445312
OM3,traffic,plus,0,600,0.102,0.053,0.9382,0.2915611267089844
OM3,traffic,plus,0,800,0.149,0.074,0.9306,0.18396759033203125
OM3,traffic,variance,0,1000,0.502,0.105,0.8008,0.49573516845703125
OM3,traffic,variance,0,1200,0.626,0.132,0.797,0.47332000732421875
OM3,traffic,variance,0,200,0.128,0.036,0.8365,0.3809547424316406
OM3,traffic,variance,0,400,0.239,0.064,0.8265,0.4261016845703125
OM3,traffic,variance,0,600,0.338,0.086,0.8392,0.3783302307128906
OM3,traffic,variance,0,800,0.504,0.129,0.8183,0.49201202392578125
OM3,traffic,weightsum,0,1000,0.329,0.093,0.8706,0.49149322509765625
OM3,traffic,weightsum,0,1200,0.415,0.101,0.8496,0.4939918518066406
OM3,traffic,weightsum,0,200,0.144,0.033,0.9313,0.4893608093261719
OM3,traffic,weightsum,0,400,0.208,0.062,0.9254,0.4906654357910156
OM3,traffic,weightsum,0,600,0.279,0.083,0.9273,0.3774604797363281
OM3,traffic,weightsum,0,800,0.304,0.095,0.8955,0.4934806823730469
